,0
0,llovlyldy
1,DowellBrands
2,AddInfoOrg
3,Paulhaider74
4,20_election
5,OccuWorld
6,fernandolazaro5
7,coopah
8,stengel_jim
9,Serpentine202
10,MeanNews247
11,azmoderate
12,piaqt
13,aronmantoo
14,508gloryFelix
15,GeorgeH81900665
16,dirtsunday
17,Listersmate
18,MJGarciaKCMO
19,SilvinaBelmonte
20,Miksdad12762
21,diana_presente
22,iambatmandoug
23,willwoodard
24,buffaloon
25,SamWWilliams
26,jongovi
27,DerRoteBaron1
28,william2go
29,martha_ferguson
30,viralusanews
31,bjlauria
32,haldonahue
33,ginny_bassett
34,Ohnjaye4
35,mariaeke
36,garciawiz
37,PHILMSMITHJR
38,tomdunn455
39,deannawds
40,SKeithPryor
41,Recall369
42,NikitaKitty
43,lostvet61
44,benzionjohannon
45,jhr4u
46,lorentz_tom
47,DanSkinnerArt
48,Jkinke
49,deebelle3
50,Servelan
51,etmapp
52,AnnaMills1953
53,blklovette
54,donniebi
55,W3187
56,Still4HRC
57,lawexpert
58,DianeArnal
59,havefaith00_15
60,lorettabowering
61,BdaSpiritWalker
62,SilentPartner1
63,ziaislam
64,JonnieBois
65,sococarich
66,0862KeishaMarie
67,Auxi13Sheila
68,brendabonamie
69,winstonoftroy
70,WilliamLobb
71,janet_yackle
72,Tawanda46
73,neutronneedle
74,RepublicanSwine
75,MChristianzobop
76,Blopezmiksdaddy
77,ChristieSzRelax
78,rodeocab
79,CanProveIt
80,chrisdanne2
81,PIJudicialWatch
82,JeffHerz
83,mariaminerd1
84,SharylLDean
85,paeznyc
86,darmagirl24
87,DustinHapli
88,RonniRodriguez1
89,oldmeanroy
90,SqueakilyJr
91,georgikhend
92,disasterpastor
93,Birohazard
94,annarkee11
95,UwuaMan
96,garynet
97,jimmyhoshi
98,RichardPM77
99,JennieSavage8
100,rutrutkoir
101,SliceFred
102,MauriceMichael
103,Unicorn144
104,MadCapProWisc
105,CAFalk
106,kasinca
107,AdamAWanderer
108,HowardA_Esq
109,bullycrewshop3
110,JusticeOutcry
111,Artzthings
112,MichaelPierce27
113,EdwardsRie
114,rjspann1
115,WittiSatire
116,DonnaDee479
117,loosebowel
118,undulat69
119,RoguePOTUSChef
120,Truth_Seeker59
121,sonneyjo
122,CarolynCpcraig
123,dlhale310
124,CTO1ChipNagel
125,brooklinegirl
126,SarahJReports
127,SafeDawn
128,JimBonz
129,srgLIVEinHD
130,Karaoke_God
131,xyz321abc
132,tommiedcollins
133,Damawyn
134,GoldStarMom
135,HubbardSF
136,dleemar
137,Austin_Hippie
138,rule53org
139,Brasilmagic
140,pyepye56
141,HEINSLERJAN
142,__JMX__
143,jrsuppon
144,magicianary
145,getupradio
146,Floridagordon
147,spicy763
148,RICHARDETNER3
149,RogerChris52
150,Waters102
151,UnreadDatum
152,TucsonTank
153,sfbayareamale
154,PolitJunkieM
155,ThomasKuenzli
156,ezyernie
157,Trikkerpam
158,SteamersBaby
159,salsaenz
160,PhilipBurns8
161,AlonzoBristol
162,burrellh
163,Scott_LMitchell
164,BRUTAL5665
165,RaymondGuiducc1
166,trendr
167,catethetwaate
168,shmoonie24
169,1lynks14
170,Camdens12me
171,JohnPri30620144
172,hrexach
173,DeliaMacD1
174,lucydog93
175,OOsal
176,Gladfly1
177,CallawayBOT
178,TheReal_KDubb
179,PeltSean
180,jaysulk
181,candidatenews
182,madwand3071
183,Tomtomcov37
184,DiamondLynne1
185,kindcutesteve
186,MLAlexion
187,CraigCo62
188,TRLBLZR
189,jeyoung1422
190,jamila_choyce
191,ricendric
192,LiesaKrausse
193,BigYoung71
194,Newyorker2212
195,DJ_LadyWolf
196,no_faux_info
197,thymez
198,_Granny_T
199,ZiggysPreschool
200,TinaLynnNelson
201,pcurry57
202,PoliticalSense1
203,damianmonzillo
204,DanniGeeNYC
205,MicheleRedding2
206,julianshah
207,patti_gurl
208,debiD3d
209,MPRODUCTIONJS
210,bassobryce
211,greggo34
212,littleredblog
213,silverweb_7
214,DcLincoln761
215,migueldartqny
216,anitaguidera
217,sassyladyfl
218,enorceht
219,JoymcdMcdonald
220,TeamTudor
221,buddy_dek
222,runway4
223,greentimerr
224,borderorder
225,ladiesgun
226,brytonbkb
227,carmelmanion
228,LGund71
229,datethemcom
230,Joeyartwork
231,Blamin
232,MisplacedinAz
233,MichelleHillie7
234,mkaee
235,reyeslydia344
236,lacadri34
237,nomorehusband
238,bentlightnvegas
239,VooduChild
240,SahagianAllsopp
241,EdwardARowe1
242,scienceospirit
243,delparra
244,AGreenRoad
245,Emma01058839
246,Caz55407171
247,ColleenPerron
248,legalbrush
249,rhdeemd
250,elliebiltmore
251,B60Iamme
252,Cynthiaisone
253,llendonmar46
254,oetflow
255,chacal_lachaise
256,99ermikeb
257,CtgjrJr
258,TheBFRoom
259,Angelus1701
260,thehill
261,JRobertNOLA
262,BaburRealer
263,SauloLuther
264,New_Narrative
265,coope2014
266,Philosocrat
267,DILandsman
268,painter87048
269,Cryptic_Vyper
270,EyeCandyGallery
271,gsrinmb
272,58Kate
273,spauley311
274,SwampGreen
275,Chuckw12
276,kitTeresa
277,albiero_madonna
278,tpirog
279,smichaelwilson
280,Irenie_M
281,cchaumont
282,ProvoCat1
283,AGConsultants
284,wolffianclassic
285,fishing4trolls
286,kiua11
287,sjf1
288,Joni_Looking
289,Lucifers_Will
290,Elliekh
291,Tcabuddy
292,jsmith28998
293,Lyn_Samuels
294,cindila2009
295,trutone1
296,1Kat72
297,Shelleyfur
298,MarshaNewman16
299,TerriE1001
300,netminnow
301,LGSoderlund
302,ManoliW
303,Maryjoluulinda
304,Atticus733
305,blues2jazzguy
306,FLAGirl2211
307,didikins4life
308,studygoddess01
309,K_Thomas_Ross
310,DavidKGather
311,keenanls
312,vegaspatrick
313,DWNewsRoundUp
314,sassiebabs
315,MomMouse3
316,dyslexicnoshame
317,Nancy_Crouse
318,delta2768
319,CLK_Shortcake
320,bizzylady2
321,joshmom1
322,mamarenne
323,revazruamdmitr1
324,JoeFowler6
325,BeadingfanNancy
326,JSavoly
327,tjsavino
328,Mommadocando
329,OccamsTazer
330,SlyCurse
331,joelake1714
332,smc956
333,Rokbehappy1234
334,TexasRex
335,KatieKofemug
336,Ez4u2say_Janis
337,shihtzuman
338,alimapiri
339,jessphillips747
340,igggie1
341,oldsmartian
342,tasiaapasiaa
343,ednacatwoman
344,tealkat6
345,FredStork
346,masteradrian
347,padsattic
348,MikeLoBurgio
349,ELamy4Palestine
350,SusanaH2727
351,kunichris
352,thee_stupid
353,MarkDickins
354,CynSg65
355,LeftwardSwing
356,pollyapplequeen
357,RogueWatcher23
358,Monluecha
359,ladydem1943
360,santo_aol
361,JimmiWinningham
362,QCA_Tommy
363,triquad65
364,BlackInformant
365,fox66
366,debv219
367,bmaggiemay
368,valleylea
369,ikeandmikeblog
370,2_solutions
371,atsamee
372,dee3598
373,Dovessister
374,carolyn_janet
375,drmaggiesa
376,AugustEve2012
377,ThePssg
378,message1mil
379,KapeciaResists
380,ev1l1mp
381,Charlesdavid574
382,rleb2005
383,my1voice56
384,B0WT1E5_R_C00L
385,LifeCoachLiza
386,Robkishere
387,MicheleWojnar
388,LABProLib
389,neonblu67
390,pdougmc
391,GinaLeftside
392,kharyp
393,dennisboyd6
394,miglsi
395,Shannon1981B
396,stevedalton7
397,e391615r
398,doc_4_justice
399,Chessielynn
400,mrclassicalmusi
401,Tedshaw18
402,mabdalaw
403,SGailAdam
404,FloridaAtheist
405,brolivor
406,Kanpol2187
407,HannahKennison1
408,Spalady03Teri
409,Citizen567
410,DRBeadel
411,dschuch
412,invinciblemza
413,janettmay
414,pas5974
415,RotSterne
416,OzyKoK
417,brat36704942
418,MigCrowe
419,DONTLIKECOVFEFE
420,JDIYFR
421,LiberalTexasDem
422,webdivemaster
423,AzraDeljkic
424,MarkVonVegas
425,grandmaofanange
426,macguydave
427,radrich99
428,jennichongCom
429,SteveFM20
430,Tmite_KC
431,debjroll
432,IrishIceSP
433,Mlaj1591
434,MattMoblaxy
435,MesBeth
436,Wh1zzy
437,asilene
438,samscottschiavo
439,REH530
440,PattiCucchiara
441,toms999
442,crazyfordabeach
443,_Uzume_
444,mikecollins2141
445,RelevantThinker
446,Mia4Jah
447,yoksig
448,mahilena
449,BB160
450,joben10
451,questar1959_ron
452,Champagnio
453,Mack4Bud
454,KweliYaSaleem
455,1snafu3
456,sohawaiian
457,nursiegal75
458,LindaHaleRCSD
459,LCSTORM
460,canativeobt
461,lysslaurmom
462,atomicdog29
463,jerseybing
464,amerinberlin
465,tehmimzy
466,Willowtreefaery
467,khansh
468,loman920
469,esppse
470,olsuzanna1
471,riggst
472,Tammy_Richard
473,Lone_Star_Dem
474,RealCleverStag
475,wdj3368
476,joanjuneau
477,shrn_schramm
478,kooch54
479,KenBlac80899148
480,Gloridaz
481,buckigirl511
482,Ginmato
483,matbo2
484,Ange_T_
485,rojertb
486,GarySisk2
487,AZ107
488,JayTee66327192
489,recvolcano
490,pattimollica
491,AnamjemWAK
492,hypervocal
493,coton_luver
494,majah2012
495,dutch163
496,shannon_carter
497,LeagueRainbow
498,edwinborges11
499,Letsgetreal68
500,Stormcloud72
501,ethianhugo
502,AmericanIndian8
503,PattyKay54
504,bossbev
505,MarkSchwebke
506,stoke27357
507,herrbutzie
508,HappilyH
509,kfortner60
510,malkat1987
511,JimKilbane
512,DavidleeDr
513,worldpeacenow
514,moonlight26a
515,DenaSpanos
516,WoodyMcBreairty
517,TimmyBermuda
518,peruchin54
519,robcatvi
520,SeveredHalo
521,zaswadosaze
522,DaGhost3
523,CalThunderSnow
524,Celticfred
525,cruzo1113
526,Fricat
527,SLVRDLDO
528,frogeegurlee
529,ShelliTweetz
530,SoniaEchevarri3
531,AlaskanNovelist
532,AGrimsky
533,Marshall1952
534,WHOSAMERICANWIT
535,MarieCLuby
536,StockScout1
537,Independent_1_1
538,RiSeamus
539,DreamArtsProds
540,waasapicom
541,cbouzy
542,Djburoker
543,wiccanlez
544,IzJustMyOpinion
545,REGGIE67
546,Zen_Scientist
547,Boscoe_Z
548,ericljonesshow
549,Oldlady12345
550,jonfields
551,Skyl3r_Gonzal3z
552,floweroleary
553,DailyMeltdown99
554,Jclar672Jmc
555,voteforcalvin
556,ALONACOUS
557,artlynch
558,La_Avion_
559,mgolojuch
560,syn1031
561,pego1621
562,happyfication
563,JeffreeRando
564,GrandMammaLlama
565,1Starrinc
566,meowther
567,jlope3s
568,GodsMigraine
569,CAGoldenBear
570,IsbellMission
571,crditscors4free
572,Judithleora
573,billybrown3965
574,fotogem
575,StormDenise
576,refinish69
577,gritslady
578,brittonbell
579,BearHungMex
580,DannaChambers
581,pibblelvr59
582,RosemarieESeppa
583,rareworthy
584,C_Randieri
585,SeabreezeCheryl
586,Nysteveo2AOLcom
587,IrwinBeanbaby24
588,Lastwaltz2
589,NancyMamashoo
590,ChrisGielnik
591,rachelbirder
592,GoStArTwOrKs
593,LetsRumbleDog
594,pawyai1
595,JEdwin6
596,ladyarmysgt
597,Sxwilliams9
598,RoustTheRight
599,Ghettonewz
600,leefsen
601,AndyKay50
602,GaryLewisJones
603,aljomo
604,JustTrueBlue
605,sssmith0520
606,Marine1JPN
607,gtrcvry77
608,NoBigGovDuh
609,homoreligiosis
610,PaganDancer22
611,Lori_Nalette
612,tmasonmi5
613,hlesbrown
614,backyardsage
615,CherrieJW
616,snuggles747982
617,Luvnstuff2
618,scienceofno
619,scdzanj
620,GinnyAFlack
621,Tiffluvs2shop
622,grumpyoldman418
623,MooneyRow
624,TrumpTrackerz
625,tradewinds11
626,barelyberlee
627,Saul_Estreicher
628,GrandSocializer
629,RankMagic
630,drturpin
631,jeffdrosenberg
632,katheadtarot
633,EMSilverberg
634,Sylvaners
635,ben_durdy
636,alkahest
637,ryanschmueckle
638,Ike1986
639,100Concerned
640,GFCountryGal
641,jacklasalle1
642,gavinspa
643,KathsKrafts
644,egpvokpvalleyok
645,scheiblita
646,Metta11
647,Dojusan
648,StevenBorn5
649,canajun295
650,Deepcstar
651,schwartzbrown
652,KassandraSeven
653,Terrebelius
654,mgck59
655,ahernandez2bak
656,84stillcounting
657,langenek
658,KieraBloodRose
659,JayandSteve
660,kemet2000
661,Minus31
662,g_mccray
663,sabrinalettell
664,BarbaraRacek
665,dahwie
666,KriyaOaira
667,MizD09
668,lionstonefield
669,CindyMArellano
670,Blue_in_Florida
671,NewsTalk2
672,Mayor600
673,NevadaSmith711
674,FreedomNetNews
675,x_jupiterhart
676,JonUPS_
677,SuziePE1
678,chuckjohnston6
679,AliceRuthLynn
680,Milvet2009
681,edmeyer_able
682,deminthered
683,OHAMalulani
684,BoldjoyLeslie
685,cloudyboudy
686,oneconnelly1
687,KellieBRussell
688,PamelafBrockman
689,purnimabarve
690,tomcoole
691,CynthiaTaylorV
692,JeremyBolanos
693,05yayawt
694,ClarenceDuffy1
695,Douchebaggery_G
696,GisselleBu4e
697,spooney35
698,clynch940
699,meyer2311
700,deepez
701,moodylonerphile
702,movonup
703,LadyGloriousjax
704,caroaber
705,timewarden1
706,susandtom
707,foggydewjo
708,kathymac2016
709,uncle04jim1
710,arielquirozart
711,LiterateLiberal
712,Criticalanglez
713,bozzione
714,TheChicago99ers
715,erotesis
716,Ambnt1
717,sphamm2
718,jacquep
719,Monte_Alto
720,Murnasty7019
721,MegaLady80
722,jimdandeo
723,DiaDem50
724,Maxeightyeight
725,NetNewsBuzz
726,RonMcBride3
727,OrtollServando
728,FolkiKaren
729,dbcdthumper5
730,sruksyio
731,CUDA_22
732,paul1190
733,Petekrip
734,LindaRicci5
735,Nosti07
736,ltecato
737,iamdelores13
738,yikesks
739,Gregoreuo1127
740,EricaMcClellan7
741,_manivarnan1515
742,A_L_Hamlin
743,vietvet52
744,luciecmz
745,SHERRIMAMA
746,Lil_Dragonfly_7
747,katiesaradikens
748,21dem21
749,veeva65
750,lalalaShanda
751,MaggieRose73
752,darlastraka
753,JRTailand
754,ROSEBDBOOKING
755,IFFConsulting
756,DeansherryS
757,UniteWomenOrgCT
758,UniteWomenVT
759,UniteWomenMS
760,UniteWomenME
761,UniteWomenNC
762,DianneWing2
763,UniteWomenGA
764,WOW_VA
765,UniteWomenRI
766,UniteWomenWV
767,sakura280869
768,pegitha
769,thegospelofhemp
770,Vugica
771,abbienormull
772,ldm427
773,Arthur59611540
774,mog7546
775,okreddogdjn
776,msp31666
777,IamJohnBurnett
778,tomnicholas107
779,george_gillham
780,JimKerfien
781,AC0040
782,ken_is_busy
783,selmagram
784,Jay4anderson5
785,afwaddell
786,DavidBruCas
787,jtprov
788,siddigfan
789,ShermanCannon7
790,Wild_Clover
791,HawksMichele
792,Nolisph
793,Apolitics_Now
794,Kitty866
795,Ms_Gemini_313
796,WDMAwarrior
797,readingcircle01
798,Cosmic_Surfer
799,lousandomenico
800,dhfull50
801,philathia
802,DianefromIl
803,kals55
804,deesbarbara
805,ValerieJSuther2
806,pianistfrank
807,nsfm_ohmy
808,DJMOJO2000
809,jjjojj72
810,FloridaHaze420
811,billm9
812,beeinchicago
813,hibrnda
814,cocotea51
815,beaverlodge23
816,TheIMSOfficial
817,artfudd
818,SantiagoC4411
819,UCVibes
820,southsecondave
821,charliesey60
822,lexicaldrrift
823,dmcrane
824,PatrickGfroerer
825,klassalle
826,corvus13
827,Abinormal1
828,ElviaMendez
829,RizzosCookies
830,sbr255
831,21sunshine64
832,TriciA_Heldmann
833,robinboddy
834,gwlarson2002
835,Discerning1
836,jgsf1987
837,JVSakura
838,e1ais
839,docrozcallahn
840,BellaMorgana3
841,rp1543
842,Aki01
843,rtmcclure
844,icabinfever45
845,armyheromom
846,ghkpr
847,Caplea44
848,dianerocks52
849,GeorgeneNight1
850,bill_minix
851,KH4Bernie2020
852,cunningham_cch
853,absinthe
854,Coelacanth1938
855,donohue_rebekah
856,girlygerl
857,WHurensohn
858,Linusthesheepie
859,dmt1776
860,imago_43
861,kinjinte69
862,BerntJohnson
863,wbjethro
864,1underpar
865,Corgi_Mom
866,NYCanegirl
867,guerrinomacori
868,urbanjackattack
869,karenskop
870,JohnBottomley_
871,HunterSellari
872,Arkpaint_424
873,watsupwitthatms
874,DickJohnson63
875,GeneMariani
876,MessagingMatt
877,Mike_EH_52
878,cinders404
879,nowak_patti
880,tjkphotos
881,GregKacir
882,Spiggitzfan
883,Grandma_Shelia
884,farrellhamann
885,J3szann
886,cstuartEdD
887,AB_Owl
888,ksmith111645
889,gah_ann
890,qv33773
891,annepearl1
892,DevinGoldenberg
893,JeffreyGSmith
894,CcriderJohn
895,KarmaBeJustice
896,CaroleOTerry2
897,LilyTheDarkside
898,brucegordon
899,thetechguychris
900,VitalAnon
901,AmFem101
902,TinaMaeRichards
903,KenneyGeorge
904,bethstoddard1
905,judyserlenga
906,spirithill22
907,Phecdayuma
908,Crstl_M_Romero
909,ConneiMaxwell
910,shall3991
911,anniebscrappy
912,sweet2spicey12
913,Sidney_Williams
914,DrKidNurse
915,LeslieSholly
916,stephschor
917,DariceMachel
918,WayneASchneider
919,vilpen62
920,NYCPEACEmuseum
921,zwerlo
922,MillennialsRule
923,HumanOpinion
924,JesseL09au
925,mamarocks54
926,DaveRosmer
927,Visabe1
928,cherokee_autumn
929,hintongerry
930,silvanet
931,teigland_cindy
932,JudeReneMontars
933,SillyTrumpMemes
934,MarriageTopNews
935,solusnan1
936,GBNeal59
937,twizler557
938,LiberalResist
939,MrPapiChulo2U
940,DennisKoch10
941,HeavenlyTweetz
942,shaydee5
943,KKoz03
944,AthopeMarie
945,Recycled_Peace
946,kkeelingjohnson
947,phillippaonline
948,SARgsdK9hndlr
949,Shashtah
950,Marcdawson
951,RandPaulizer
952,AuntInAZ
953,DrLindaShelton
954,AmerIndependent
955,lrmartinjr
956,the420wire
957,JClickbaited
958,peter5150
959,NewsComplex
960,thepollyrank
961,The_News_DIVA
962,TUZ922
963,USGovReport
964,comgenKDT
965,Bobabouie
966,foringmar
967,SteviefromGa
968,Bass5thsTeague
969,ShowmetheLight
970,Lee42951
971,7609Kimmie
972,simsron
973,mpe8691
974,riceor
975,rick_ellison
976,dacollins
977,SleepyRichmond
978,evans3_w
979,DORAJEANBEAR
980,wilewill
981,ZentekClothing
982,LiveThePSLife
983,Delia2e
984,JPJABBER
985,FULLLTOY1
986,me_sheer_
987,MalikMujahid
988,ThorpeOcto
989,NotMe001
990,ksrsailing65
991,UniteBlueNY
992,UniteBlueCA
993,UniteBlueAZ
994,UniteBlueDC
995,clayer07885
996,ConnieAmidei
997,DarkCloudTweets
998,cleef_l
999,SteveL202
1000,kaharv108
1001,AntiqueLady
1002,HoneyRaySugar
1003,WSteveHart
1004,skyhook001
1005,amarvarma
1006,adjordan
1007,Dovesland
1008,SteveStutz
1009,ChickyChicker
1010,RichardTMoody
1011,gradie98
1012,mariabeauchaton
1013,Whiteboy_Slim
1014,Elljay1011
1015,ToddMorse
1016,tyme11
1017,lewjud751
1018,LouisVolz
1019,rita_eads
1020,golddust51
1021,gaelbill
1022,LarakeBuz
1023,Lensman23
1024,bennick_ken
1025,Lenli51
1026,jmigiii
1027,timsbrannan
1028,IgrokColors
1029,MonicaNocciola
1030,dilak
1031,stantherunner
1032,OaksBob
1033,techpharm
1034,MariUni555
1035,RogerCh25625256
1036,Phoenixwmn
1037,JeffDCunningham
1038,kentuckywoman_2
1039,twitkcg
1040,n0vadust
1041,DANIAL1963
1042,TheHenryRavelo
1043,jonnie57
1044,robinoherin
1045,aball1951
1046,realtalktruthD
1047,e4joann
1048,dwelch57
1049,IskakovaEU
1050,ProfitLvr
1051,randydeabay
1052,Connie_C_Wilson
1053,pierrecot
1054,TheWhalebone
1055,ThatDudeShannon
1056,Gr8RDH
1057,LockHimUp_2021_
1058,StayHopeful16
1059,BelkissObadia
1060,25thamndmentnow
1061,Jdarcey13Jon
1062,Bastille_007
1063,patrival
1064,GOPMeme
1065,passport45051
1066,carriestaats
1067,CovalDeirdre
1068,redheartaz
1069,SirHolmespr
1070,newsenseme
1071,wdstewartukno1
1072,gmail_08
1073,ronronforfunnow
1074,magadmagianegra
1075,KODistinction
1076,narisaden
1077,Lvmunoz4
1078,sylvia257
1079,ShantiAksahaRei
1080,irma5913
1081,JayceKingstone
1082,Carol47643481
1083,JohnGAcosta1
1084,Jeffty
1085,MusicWench1
1086,brook4080
1087,gramsdimmig
1088,Missy56too
1089,jghall333
1090,AnglerArcher
1091,USCBryan
1092,Jill52121393
1093,antmousie
1094,weener67
1095,askhernandez
1096,murftaz
1097,justasking3time
1098,rockbridge2008
1099,martinsjackson2
1100,magentasrevenge
1101,LarryMcLau
1102,YellowMustangHi
1103,tarasue63
1104,TheRealMsMurphy
1105,Go2WebMarketing
1106,spook1906
1107,rationalinquiry
1108,SuperDaveAkron
1109,Megavolt1
1110,comeonnoles
1111,b41ja
1112,moche27
1113,EconMatters
1114,OhhKayAlright
1115,PTSD_SELF_HELP
1116,stevenallen
1117,kiwisocal
1118,TheLiberalKitty
1119,IvanCooper14
1120,donna19443
1121,Wally_Callahan
1122,rsmnyc67
1123,victoriatulsa
1124,StephenBaker6
1125,JB_SF
1126,SahnoRobert
1127,PensiveTM
1128,TheVoiceofWomen
1129,DianeCSimons7
1130,KimWill007
1131,abear2435
1132,PinkIguana11
1133,reverendentity
1134,PwebsterPhotos
1135,TaliaWysNichols
1136,CBryanKing
1137,MohamedTonkara
1138,Roadqween
1139,pat4az
1140,azannaphx
1141,SweetiePiegirl2
1142,brady51h
1143,Barb_Way
1144,blankmw
1145,yasmina_ss
1146,kjoerwin
1147,JuergenSchratt
1148,BerninForBernie
1149,filmlore46
1150,ItalianMama61
1151,thro000wa4y
1152,doodlebug0
1153,bleuesflamme216
1154,potterann
1155,3L3V3NTH
1156,RAndrewOhge
1157,maritzasolito
1158,StewartTheone
1159,joyfulmoocher
1160,wininmad
1161,YoHomeboiJC
1162,gmoney2368
1163,JohnA_USMCvet
1164,granisnark12
1165,AuthorJoeNBrown
1166,vooda1
1167,dhaynes101
1168,keybrite
1169,ivan18hole
1170,pn_usnavyvet
1171,wvjoe911
1172,whohearer
1173,RockinBlum
1174,BlueBirdChatter
1175,JABaloney
1176,VasudevVasanthi
1177,GabrielaOReilly
1178,LoyaconoMH
1179,MzDownz
1180,lilomeRita
1181,CdnFreethinker
1182,sandykaye38
1183,nolzkelly
1184,BellaSwannBooks
1185,jam237
1186,cliptags_eng
1187,AberrantEve
1188,MAlib4eva
1189,edieangelo
1190,ManchuriaTrump1
1191,rayzpitbulls
1192,msabena
1193,ThomasAGiles1
1194,nanciedance
1195,BankRoll77Deb
1196,Ritafra06359506
1197,peacenikjohn
1198,Vermeera
1199,jerzygirl45
1200,patdag124
1201,BlueLightBP
1202,KorbelRenoKia
1203,GayGuyInAd
1204,mckeonmk
1205,ninabanana
1206,crazyelroy1
1207,druid43
1208,hwhlj321
1209,pszczepanski
1210,ParadiseGray
1211,SmithEveland
1212,jenifern
1213,Squeaker2311
1214,serenalburg
1215,dYLANjOHNkEMP
1216,cahulaan
1217,CurlzandSwirlz
1218,mycatsmom
1219,dtrantheman
1220,Dancing_Rabbit
1221,happyroads63
1222,PracticalLefty
1223,EastHillHypnos
1224,KrystalPistol
1225,trishforsythvos
1226,angelaharkavy
1227,RecklessBeading
1228,kategcom
1229,MyBeachChair
1230,sndagire
1231,weRtroydavis
1232,itsthewilsonway
1233,NoFascistLies
1234,70Formula
1235,braingarbage
1236,neufferceci
1237,SFL4Hillary
1238,artnbarb
1239,swhitey10
1240,shellb4
1241,MartinaSark6
1242,olemissliberal
1243,ViolaJSpells
1244,ScotRose1028
1245,Lindaunionmi
1246,AlaskaAmy
1247,rpdmagnificent1
1248,Gypsysister58
1249,Lambsendbeds
1250,jihettly
1251,denneb_77
1252,jimetoo
1253,Hapjamlaw
1254,BenCarsonizer
1255,HedstromLise
1256,papablues050164
1257,vioramay
1258,Christielizer
1259,bev_hannon
1260,Rboisvert7
1261,pmccabe33
1262,ilenelovesmolly
1263,Della807
1264,AntheRhodes
1265,IAmJoeTrudeau
1266,kaynoser
1267,LelandEdwards
1268,RebelMilVetGrl
1269,MyraJoyceBx
1270,griensewic
1271,willactivate
1272,souzi54
1273,varda_friedman
1274,charlotteky
1275,StephanieCFoxJD
1276,garjlb
1277,KyWillneedLuv
1278,RdcvolanoRoger
1279,acudoc69
1280,dekatron_man
1281,dufus
1282,A_CreativeEdge
1283,MarilouGeorge
1284,thunderboltbrow
1285,delores_e
1286,jfjabbo
1287,dcolapinto
1288,HaroldELawrenc4
1289,Mizzmaire
1290,Doggielover1378
1291,JackieJaxster
1292,Amaeann
1293,HillOnespike
1294,Dorothy1946
1295,lott_hayley
1296,btrflywmn1
1297,seabdoli
1298,ladycabdriver
1299,LiveFmTheMorgue
1300,DarthThomas70
1301,mrobolie01
1302,essenviews
1303,alphapamiable
1304,FrederickButle8
1305,Mkapub
1306,nnanu
1307,undhockeyfan
1308,place_penny
1309,schiperose
1310,CohuttaPhoto
1311,blueagle1972
1312,mswedplanner
1313,xinampls2
1314,JessicaMcginni5
1315,giveoutmore
1316,Di_719
1317,john_gibbs48
1318,jubalcurrent
1319,cindyscott54
1320,justingeorge80
1321,mickivoss
1322,mwassan
1323,Pandaphant1
1324,Pastorcoach4
1325,nileawhile
1326,bobbobear48
1327,criticaloutlook
1328,nonnydee
1329,Canbrae1
1330,Justhumane
1331,Deist1737
1332,DailyPS
1333,pearl_erickson
1334,tsaladino52
1335,jamieteach62
1336,RobTobin
1337,Lady_Makaveli71
1338,DDaldd
1339,leslaikatz
1340,lkjtexas
1341,henrybarefield
1342,tmckenney203
1343,kc5ajy
1344,MrsCavsFan
1345,jerrygilmer
1346,Teri_lyn
1347,LarkinCrone
1348,rosemtznm
1349,dlaspca
1350,bob194143
1351,dmillar455
1352,alexfortrump
1353,KristyM9
1354,marielenalvk1
1355,JamesCa14972101
1356,kinkerdoo
1357,447raven
1358,urjkary0987
1359,merty123
1360,SandraJeanLeon1
1361,i4639
1362,NormanSie
1363,maltoy2000
1364,Lpr1944W
1365,sonnycarter1
1366,AlmaRidenour1
1367,JoanneNBDC
1368,songbirdAnjee
1369,FDeclo
1370,LiberalGent
1371,AJLunaLeonard
1372,nobodyarrogant
1373,MsTrishia
1374,StephanieSPort2
1375,jasonabbate
1376,DinaEllithorpe
1377,TheDudeSeesAll
1378,bradmaloney77
1379,corrodol123
1380,genkeroo1892
1381,Tonks1967
1382,kentekool
1383,aikira21
1384,jdcajun
1385,DyatronDJCrew
1386,mgsdesignz
1387,3pines
1388,Living4Earth
1389,daSHANNIMAL
1390,GailLedesma3
1391,hemetrider
1392,nhdogmom
1393,TimothyHorrigan
1394,Dwvork
1395,gmavincent
1396,Kontiz55
1397,jdeuberry
1398,sbrentsimpson
1399,tygore7
1400,Fixar_Kurre
1401,LadyLiberty411
1402,Horrorflmlvr
1403,JCJ417
1404,KenSpurbeck
1405,Mihero
1406,AnonimatoSV
1407,PulpNews
1408,madgmoh
1409,ivorycomm1
1410,DcFreeAds2
1411,ubipages
1412,ErfordDan
1413,LinellGrundman
1414,deadheadBarbara
1415,TheMataHari
1416,CapitalCoop
1417,GeneralLiberal
1418,IMTommyLEE
1419,PETERSAWYER2013
1420,EBridgman
1421,katsworld500
1422,AuthorSRD
1423,Str8Grandmother
1424,gussy_krieg4
1425,ManInBlack9
1426,stephylynn69
1427,itshoosierdaddy
1428,Lisababy10581
1429,esthersandra
1430,MetacommGal
1431,jmsexton_
1432,DonnaWynn8
1433,DianaKathrynTow
1434,RogerGivens2
1435,bobby_shinod
1436,ABswl16
1437,ITKInnovation
1438,Reloaded_Kore
1439,MakeItPlain
1440,LatinSatin
1441,GThawley
1442,VCZNews
1443,CapaTosta122
1444,JoeMirarchi
1445,SquarePegDem
1446,GinaLawriw
1447,nytesyren
1448,birdieglad
1449,vikkivale
1450,clintonkowach
1451,Senecaangel
1452,NewsExploredWeb
1453,JLovesReading
1454,snickles67
1455,CalvinSwine905
1456,57rednana
1457,AngelaKorras
1458,starlasphinz1
1459,GeminijlwWilson
1460,melvinhayden
1461,AIRRescueVet
1462,carreramae
1463,ChanceAustin
1464,crod1906
1465,FiedlerBarb
1466,GoogeliArt
1467,kidpoulsbo
1468,coto29
1469,DeneseLombardi
1470,MLHoenig
1471,paullywogprod
1472,steveodaniel
1473,chayonray
1474,zenobia13
1475,4myexhale
1476,rle49_eason
1477,EnseehTeymouri
1478,criteria681
1479,sh123kids_hill
1480,Tara_Windwalker
1481,Jaccuse1
1482,Suma4720
1483,jawja100
1484,Gina660
1485,whatifisaidit
1486,sweetnonnie
1487,CadillacCTS2014
1488,PatriciaRN66
1489,deetee128
1490,smartthumb
1491,HaeringMike
1492,SusanneBrunner
1493,JamMastaJ
1494,Pepecrazy
1495,RealCoastal
1496,KittyRuhstaller
1497,ten24get
1498,StevePPhill
1499,TallyAnnaE
1500,ThomasM87118433
1501,Richierich205
1502,da_danp
1503,EDLMCLAURIN
1504,JerzyRider
1505,killerjobean
1506,RobertoHiers
1507,TuttleNTexas
1508,scss
1509,Rhondahall007
1510,OlgaCollette
1511,missrogan
1512,CORRUPTUSA66
1513,Weatherbynewf
1514,dzikiges
1515,kookykuki53
1516,meshmar2
1517,tali731
1518,LatinosMatter
1519,SueHM
1520,MilitantFaith1
1521,bear4136
1522,KnowPolitical
1523,TheNextCorner
1524,Konradsunhome
1525,regieford1
1526,AyeshaKMustafaa
1527,OccupySandy
1528,mystars121212
1529,Skorian
1530,GetOffTheMeter
1531,3215kl
1532,Auriandra
1533,MistyDMichael
1534,robertropars
1535,HydeBlizzardbox
1536,velveeta3
1537,Betterw05759703
1538,Pecole22
1539,mch7576
1540,swamp_fred
1541,FooGirl217
1542,denise_dreon
1543,BySilent
1544,RochelleDavie13
1545,PizzaGirl78
1546,whisperindave
1547,dgendvil
1548,Tom___Kelly
1549,nena_pj
1550,MarthaCutter
1551,SchittHead0422
1552,RitaAnnMolino
1553,shaspea
1554,KMisGrand
1555,JARosenberg12
1556,greatpetlover
1557,NuCreation0215
1558,richardetner7
1559,YoungSouth336
1560,bullringbash
1561,Mateo731
1562,SacPride
1563,InterweaveDls
1564,OutReachLGBT
1565,cathy812050
1566,Warrenolizer
1567,MacGregor777
1568,CoWndy
1569,MDoriaRussell
1570,SharonOdom61
1571,IndiePundit
1572,ImpeachmentHour
1573,MARIAGA55025738
1574,RochelleJenni18
1575,maybeawriter
1576,Mholt64Mary
1577,RobertMoseder
1578,pebblesj21
1579,HenryBLowery
1580,tawnyaseacott
1581,SueGiffordmn
1582,suz123nj
1583,pacholiejb
1584,thenewwilfredtw
1585,tari1231
1586,Dsparky120
1587,rickjet132
1588,lowery_gregg
1589,mikecalma
1590,GuldinLori
1591,blackerosehing
1592,tracieh88
1593,415holgate
1594,RRamosDesign
1595,PhilipPomeroy
1596,dallison1271
1597,PersistenceTee
1598,barmb17123
1599,hermanbutler1
1600,SouthernCoca
1601,SpryGuy
1602,FurForceFive
1603,momstudent53
1604,mahantaji
1605,Bizypawz
1606,KPCrewe
1607,markstudner
1608,ElizabethMulhe3
1609,Aulstrue
1610,DorothyNed
1611,infanta_lorena
1612,dotsie01
1613,FromFurrin
1614,rclucas1000
1615,KellyCapossela
1616,GlamaGirl101
1617,tiffany1010live
1618,csgrant56
1619,lisafrazier361
1620,buddelicious
1621,tederoo
1622,patti_lynn519
1623,luvnfiction
1624,abbaeld
1625,PatTibbs
1626,AlexaJaar1013
1627,heelandtoe229
1628,AssisiCat
1629,as_promised
1630,FrancesLeonaLaw
1631,waketfuamerica
1632,LydiaWhitaker1
1633,PonyDogface
1634,marybethf61
1635,ferflores50
1636,eyesonfoxorg
1637,_Il_trovatore_
1638,glorifing
1639,Glassbully
1640,Outwest123
1641,morgansher
1642,barcoffey09
1643,Dianaprescott11
1644,vonediv
1645,kevinbealer
1646,ChelseaMatt33
1647,DMates
1648,Younique_ala_M
1649,Jimi_Jammin
1650,8James38
1651,realitychuck
1652,perryloganclone
1653,DredScott13
1654,90Days2Fitness
1655,ernestineg21
1656,GeoffreyNimmo
1657,WoodMsbel
1658,DakotaErikson
1659,Dsw1957Dennis
1660,mdtoorder
1661,TrumpIsUnstable
1662,khorah
1663,JenniferJeckles
1664,jpcrailjr
1665,IkeLewis1
1666,JackGoldman1
1667,Zuliya
1668,kathyoncebefore
1669,TBLeek
1670,dmspeech
1671,sabineByou
1672,humatrouble
1673,VitalityMarci
1674,lucindahawksley
1675,rtutching
1676,smaeschen
1677,dresargent
1678,brummytaff
1679,heyjudeTT
1680,vicsflick
1681,Sundaughter9
1682,cllrburton
1683,wayneradcliffe
1684,jude_1983
1685,CarolBrocker
1686,dbgilders
1687,samiiyah13
1688,smp0312
1689,tpartythis
1690,CAleaseWriter
1691,Darthspoog
1692,decourseydave
1693,Ivanroberson
1694,Jcnativfreespir
1695,malasadasbooks
1696,TracieLVaughn
1697,photorover
1698,jptrib1
1699,Megresistor
1700,funnybeaches
1701,zonja47405
1702,MRIrene
1703,theDougMorrison
1704,alison_rixon
1705,WSIDERUON
1706,Board_Solutions
1707,bigwhitman
1708,bain_asad
1709,dreadgoddess
1710,Gross_dg_
1711,PutzBrothers
1712,Meb7777i
1713,FeliciaB772
1714,rboblee
1715,sellwithmarcy
1716,krimi_ahmed3
1717,CAJUNTEXLADY
1718,NPorscheone
1719,WisePaxCat
1720,eagoodlife
1721,matt_erion
1722,Ladyblueclr
1723,CanvassHat
1724,glitterdiva28
1725,nosetu33
1726,CarolSteinberg
1727,zonkerabf
1728,DaleystarDale
1729,FUNNAGAN
1730,Grateful795
1731,shawnbullock
1732,abbie_burbank
1733,RocksNoSalt
1734,rebeccabguinn
1735,Jdgbert
1736,DonFiresmith
1737,soshiny2
1738,CorbitJr
1739,debi_585
1740,diddymcc
1741,TrumpEpicFail
1742,dorothyreik
1743,EdDarrell
1744,Notflorida
1745,Mymindsi
1746,Melaniec007
1747,vsasson
1748,Democracy1776_
1749,UniteWomenOrg
1750,JoanAmbers
1751,Jalozyin
1752,snkscoyote
1753,top6productions
1754,jaimegibertoni
1755,TrinidadKeish
1756,GangstaMimi
1757,FPennest
1758,Ripley2win
1759,DRandall
1760,CRPMidTN
1761,WilliamSchafer
1762,LoriKaychele
1763,msalander2677
1764,debbie_drew
1765,garyledrew
1766,Readiculous
1767,VFW_Vet
1768,ugh__sigh
1769,OnceIPondered
1770,SpazzyKK
1771,Smith2Ams
1772,___adrienne___
1773,slytrini
1774,Cameo96
1775,IamSavvyQuan
1776,DavidScottJones
1777,rosieandrusty
1778,MartinesPrisci
1779,Sirdemby
1780,ClevaBoIrack
1781,jacmelselakay
1782,UrbanMello
1783,RoryRiddler
1784,AleksiAlex1s
1785,volorawha
1786,911_agnew
1787,TexasPotShots
1788,Rhythm1059_FM
1789,loulou231
1790,prettymeadow
1791,_EPluribusUnum
1792,Timmers128
1793,AnnaFlowersPI
1794,donaldlanders2
1795,BinghamGatto
1796,LASummerhayes
1797,robert_nelson1
1798,grammy4lphhl
1799,BethShepard
1800,hollace2
1801,LoralieHursman
1802,paulasafari
1803,k9dancerPovey
1804,aLifeOfItsOwn
1805,JanetAnneLogan
1806,tunes2901
1807,IndySwish
1808,BWheatnyc
1809,SmartCutie17
1810,doccherik
1811,spikespals
1812,DonMcKenzie
1813,bfarr194
1814,NATOlizer
1815,KrystinaJ1
1816,DemocraticTalkR
1817,bearkat65
1818,DianeRhodes5
1819,casey_stryganek
1820,blackskagit
1821,wtorpey
1822,EslarnerZeitung
1823,sudatak
1824,aprilbaxter
1825,JonesOwings
1826,JimmyDriscoll
1827,RonSupportsYou
1828,tlgphoto1
1829,OscarGo50175054
1830,edpgsa
1831,DonnyEMU
1832,IngeSeastone
1833,HUGAFLOWER
1834,JaneNewComedy
1835,profmcloving
1836,aafall
1837,Lctiam
1838,forres2
1839,StCyrlyMe2
1840,DJShortShorts
1841,JohnPersinos1
1842,bapva58
1843,WonderWoman934
1844,GKJill
1845,luckigrl19
1846,thedoggeneral1
1847,dinodogstar
1848,ThePoliticus
1849,shahida16
1850,jerrywiseowl
1851,ChiliTXN
1852,FrankRShaffer1
1853,HelenMarie1951
1854,midnight0slay3r
1855,AlanJon42789006
1856,TippeTyYay
1857,GreenMind742
1858,ShlomoIndiana
1859,randalljgreene
1860,AiretCosmos
1861,R3troVertigo
1862,Bf28Edward
1863,angelafrancis
1864,elinaoi
1865,hellbrat
1866,NorthIowaToday
1867,elymusic1
1868,JeedBe
1869,sonyaliloquy
1870,Tailsimp
1871,tcarlock01
1872,Daedalus64
1873,thewightknightt
1874,HeroOf3Faces
1875,DiamondHeart721
1876,ColeIsADreamer
1877,MomzillaNC
1878,Trendolizer
1879,tehpeggy
1880,BrentJatko
1881,ALEXJPSCOTT
1882,weovercamewhen
1883,spikeonline
1884,lizmil1
1885,Mmresd
1886,MaureenMannion2
1887,Day0One
1888,DilettoShoesCom
1889,GetRidofFOXNews
1890,harpy1us
1891,jmgstar
1892,bmangh
1893,choquette13
1894,tramitesenusa
1895,JohnHu48108
1896,irenevautour
1897,rvpwarrenv
1898,levon61561
1899,RossowResources
1900,NerdMusicRadio
1901,thefader
1902,dstern62
1903,wilkerson316
1904,pamaxwellclarke
1905,peoplepowergran
1906,terranceleon
1907,Roselandreport
1908,ricfeliu
1909,oladapoak
1910,DrGranma
1911,RozaneAtHome
1912,cliff4AJC
1913,ell_sue
1914,TrishTess
1915,renazantz
1916,proffitt_marcia
1917,LeftyNikkii
1918,jsanchez801
1919,denise4925
1920,primetime91
1921,BradleyRoss
1922,gloria_hance
1923,Thaill61s
1924,ravingscholar
1925,improvactor
1926,nicholasvchen
1927,sonyaberg42
1928,KenGrubb
1929,feistycoach
1930,ernestineg2
1931,lucialevine10
1932,seedwhisperer
1933,zinkthemusic
1934,humanevet
1935,JustBrandee
1936,TheDivineGrace
1937,JVBGraphics
1938,penelopepickles
1939,KoivuKim
1940,andrapowell
1941,franksnstein
1942,KRClive
1943,MichaelAddams
1944,vita_resistance
1945,TomWals91254753
1946,rictandag
1947,tatterbun52
1948,Frankie78209
1949,marshall_iv
1950,1Invisible1
1951,bently46
1952,Sydneyquid
1953,MarkDan54836397
1954,rowdymonkey
1955,lyonsmoran
1956,Anniefromkansas
1957,willie71vega
1958,IMJohnJr
1959,notUnitePink
1960,frmurphyiii
1961,kyleminor
1962,quakerorts
1963,katiemjy
1964,paigeolsen27
1965,MildredHerbert5
1966,OneHeart1World
1967,richcasa
1968,haayman
1969,LadyOfTheOcean1
1970,spyroskarayian2
1971,tlwtexas
1972,blackswann
1973,KelSomething360
1974,canemutiny5X
1975,daandiederiks
1976,Sonee333Sonny
1977,kitzju
1978,foocutter
1979,soberbrat2
1980,YvonneNYC
1981,freegazaorg
1982,Robin548
1983,vcwelch
1984,gonzales_sid
1985,bellvisuals
1986,collusion_game
1987,rdmw55
1988,m_dicey
1989,Tamakyu
1990,rank_nicholas
1991,NewsKeyPoints
1992,real_gdm
1993,maddenifico
1994,AFifth_Grader
1995,CLNBlog
1996,RufusMom1
1997,Tuniekc
1998,AbbottNdarby61
1999,mirianorthwind
2000,suzyscottdotcom
2001,cangia48
2002,noraandkids
2003,MamSita1
2004,WaiteCathyWaite
2005,Alt_Budget_cuts
2006,FionaDavis8
2007,yziesusi
2008,billparker9423
2009,RobinBannks
2010,dasindonna
2011,CKscullycat
2012,BigRedEO
2013,gotchagirl42
2014,bythesea66
2015,Comedyman48
2016,southofgeorgia
2017,MacTK65
2018,CoolDaPoet
2019,ARCYNAL
2020,Jwricesr
2021,canilor
2022,AndersStephanie
2023,PennyKanakis
2024,jolielabellexxx
2025,shirley_walter
2026,ronnee123
2027,RayarJohnson
2028,cyncitylimits
2029,MichaelEmbry
2030,SylviaSuzanneWo
2031,kim4true
2032,VenusHair
2033,papillon4444
2034,marciasgreen
2035,strangegarden7
2036,DeborahPeifer
2037,NicoleKenza
2038,RodneyNavratil
2039,TERRIENMAC
2040,AndreWaters20
2041,tshewang
2042,mcfreeman
2043,ALyn722
2044,Jibbleroni
2045,AJ1952Chats
2046,anuthaque4u
2047,Rusby66
2048,howeasyweforget
2049,nycrealbroker
2050,SandyArtwork
2051,paperrosie53
2052,ernestlevans
2053,DJROSTI
2054,kathymae55
2055,mhg1325
2056,bjolene85
2057,MitchelJoslin
2058,kewlwill
2059,Deific_NMI
2060,BehradNakhai
2061,MilWebb7
2062,gojiberrygranol
2063,catlover1943
2064,dorisjeanbrown
2065,MaureenStartin
2066,starfirst
2067,MelindaThinker
2068,dollmaker64
2069,AanelVictoria
2070,CerridwenF
2071,carol_33410
2072,skiphunt
2073,BV2Cents
2074,bjdrues
2075,StanleyVorce
2076,AlessandraColfi
2077,karenamyatt
2078,BarbaraWright7
2079,Aaronforever87
2080,mau4682
2081,William37796179
2082,Russell_Hord
2083,Shemom
2084,alunthe
2085,davge107
2086,VenetiaSpencer
2087,sd90_43mac
2088,PCUnitedPage
2089,Henry_StAnne
2090,Robert69Adkins
2091,WVYankee
2092,BillyeNipper
2093,pickcotton
2094,Iwanhi
2095,LilBwmaloney
2096,diane3strikes
2097,DisTrumpia
2098,hippycat2
2099,wblaney
2100,mhmerrill3
2101,BluegumPilliga
2102,RoseFromPhila
2103,GerryRandolph2
2104,zuzi_64
2105,TurnKyBlue
2106,murrelljw
2107,VikMuniz
2108,JadeMahoney
2109,Sailorsamsteamp
2110,mrbaxteria
2111,AMISTAD604
2112,refusalxx
2113,MoonstoneDancer
2114,Phylter52
2115,sheshedtrump
2116,dgraz007
2117,townllt
2118,lemire_suzanne
2119,prairielive
2120,anders227
2121,LulusUmi09
2122,maig50
2123,sharon_mulry
2124,chesscat48
2125,mms5048
2126,kharly
2127,ft14051
2128,alayabouche
2129,lhmr1Yolanda
2130,Loretta_Kemsley
2131,BeatriceHazele2
2132,darlenesmith02
2133,ggknits
2134,veggirl7
2135,jeshelly
2136,healthycoffeguy
2137,Gram_of_12
2138,MalikAbdullah19
2139,RampageX45
2140,Mas811SCOTT
2141,IMNOTMAKINGITUP
2142,FrancineClay
2143,ojthe1
2144,KINGDSupastar
2145,andybenik
2146,aidanodinson
2147,trugloree
2148,Opa001
2149,bwdn2008
2150,LeeBranden
2151,BellaRose40
2152,grnniegrdener
2153,WildPig47
2154,VikingMarie
2155,ThinkBernie2020
2156,AKADonaldTrump
2157,lotusangel0801
2158,Realityaddict11
2159,CuomoElia
2160,emaemaki1
2161,teri_havlik
2162,mopartoya
2163,Oogiecatt
2164,DeaconJohnwell
2165,vicrob21
2166,bmkanes
2167,nickee176
2168,6rateful
2169,JoAnnMy06889177
2170,sherdngr
2171,1jedi2
2172,tonyo47
2173,SouthBoundRisen
2174,armandoaspiras
2175,Defiant4ever
2176,thebabzz
2177,Baby1985Sweet
2178,stolfatuous
2179,place_woman
2180,Specneedsmom4
2181,ebanieG
2182,Imstillalive54
2183,Drakona76
2184,natashaxanthos
2185,RBerilla
2186,minktin
2187,ginapike1111
2188,jgg1958
2189,msmsmoos
2190,cgmfogarty
2191,nicolaslanctot
2192,chixiemary
2193,BrouseEllen
2194,nutrametrixjim
2195,rande10
2196,mourningafter45
2197,shitebart
2198,kwtalk
2199,ingenuo2002
2200,santiagocontr13
2201,ShellSheddy
2202,Roberto69272275
2203,liewbob
2204,marmiekitty
2205,SheldonRubin1
2206,ConstantMaxx
2207,Sisfontes
2208,Pubhistorian
2209,lucijordao
2210,shalasmomma
2211,timhooker
2212,ACarlaSimpson
2213,lang51b
2214,wethepeoople
2215,TonyGrijalva3
2216,DerikTweets
2217,Cat_SweetPea
2218,JGBESS
2219,DocLittle
2220,bbkrish
2221,kelliecaulder
2222,Tracilovesart
2223,anarcho
2224,Christreformedu
2225,LarrySachs1
2226,progressivepush
2227,LiberalEffects
2228,cleoclaw
2229,jimboherbie
2230,CDrac
2231,PostmasterJim
2232,HerbNeu
2233,cndivorced
2234,KarenBe21441620
2235,daylipolitics
2236,OMARAESCHER1
2237,carminesgrammy
2238,DdaSilvaCornell
2239,GeorgeTruitt
2240,brad898540
2241,BernieMayall
2242,PatCourtney8
2243,mtnmanmatt420
2244,anastasia9
2245,razor_spo
2246,carolelciafone
2247,MsGwen413
2248,AnnKeenan3434
2249,AngieJaber
2250,caroljean1963
2251,SammySettanni
2252,CarolAnneHetzel
2253,michelesnyderFL
2254,angryunionguy
2255,orange_snail
2256,bow227
2257,Feminismolizer
2258,shadtree
2259,DaniellaAshburn
2260,1ShaunF
2261,WVBear
2262,AlpineroseRose
2263,keenan1960
2264,DrSmith1966
2265,photodiva2000
2266,happyhomemaker2
2267,reinhardX
2268,JackApfel
2269,joeys27
2270,SanjoyM
2271,mholtro
2272,upliftt
2273,BehaveFit
2274,AZVotes
2275,SixtyfiveGT
2276,cosmicfirepeace
2277,madre8993
2278,jethridge71
2279,McWordNerd
2280,meeaz
2281,10_ashus
2282,Max2Tucker
2283,TheASHour
2284,labob1950
2285,lsappling1952
2286,AreYouEdutained
2287,marleneramsey09
2288,KurtBelcher
2289,peel_ny
2290,msjbe20a
2291,marissawp
2292,Notloud76
2293,Fayanora
2294,bumpajames
2295,Rashondraander2
2296,jenk264
2297,NotLovePinkMuch
2298,livi_lein
2299,Kelly_Balthrop
2300,ONowland
2301,dean_dcdewitt
2302,Tecgale
2303,PATRICIAMEEHA17
2304,ingridmajer
2305,alpurham
2306,GeorgeInez
2307,edensasp
2308,Mona_flame
2309,FrazzledWhy
2310,crashjeep
2311,studioclub
2312,insaxes
2313,skiwy22
2314,CrazyCatWmn
2315,BlueBallot2020
2316,PipeDreamPotter
2317,Mypublicist1
2318,selenadawitch
2319,cowboytexas
2320,FlamingoGirly
2321,dagigi
2322,adedov616
2323,techtom75
2324,folkdoc8
2325,TougalooTree
2326,Bluesaloon
2327,PoloPersonGwen
2328,ToShedLight
2329,PeterETyrrell
2330,hurst1987
2331,douglascbaker
2332,Dallas4Bernie
2333,LivingSamsara
2334,Greedsakiller
2335,stompintexan
2336,golivari9
2337,durham_lou
2338,vadney07
2339,JointOccupy
2340,DoorbellQn
2341,AT_1899
2342,leftcoastlefty5
2343,Physicstrumpit
2344,bastion365
2345,Tonia1214
2346,Afanoso
2347,BevhillHill
2348,XtyMiller
2349,MediaBot
2350,kalifani6
2351,ashworth_debra
2352,gotconsult
2353,nipperdawg
2354,lindaholmessask
2355,bearwarrior
2356,obiora_odi
2357,1111Vermillion
2358,occupybergen
2359,Nichtarida
2360,Jazz60Rob
2361,tobytyler71113
2362,JaphyRyder
2363,Joel_Schaffer
2364,janetgag1
2365,Dian4Brett
2366,enerjoyce
2367,KenLapinski
2368,Elvira_M_C
2369,raepat
2370,zzelda01
2371,lisaallender
2372,occupybergennj
2373,frankieverschu1
2374,Jscott1145
2375,melissan00
2376,OccupyHC
2377,KarmaKaze7
2378,Fremexhibitions
2379,BuddhaWorship
2380,jorgearenas1
2381,OctavioHM71
2382,Oldunionist
2383,bettis4_bettis
2384,ArrowResisting
2385,michaels_leigh
2386,3rdmoons
2387,GMFordNoFilter
2388,dbarefootlawyer
2389,ProgressiveMPA
2390,SharisseC
2391,BottineAnthony
2392,PaulGibson24
2393,JT089
2394,karartshocker
2395,CJMarsicano
2396,woodhiker
2397,elizabethziph
2398,honestpatriot
2399,ange_patricia
2400,tuffmamaA
2401,PBarnat
2402,dancindoti
2403,Ms_belle1
2404,scottmackay71
2405,twodoggarage
2406,AsiBashar
2407,bendersan
2408,niyiblessing
2409,consultdeborah2
2410,boilermaker1978
2411,dw98439
2412,Nightime1
2413,ValitaWilson
2414,tgw007
2415,johnb7052
2416,TrueFemale2012
2417,Perelandra1
2418,jrSellsCutco
2419,daylow1
2420,justice4allu2
2421,realbohochic
2422,peabeau444
2423,PatHaddock
2424,tjohnwilliams
2425,musecian
2426,Michelemcmulle8
2427,Nelsonimaximus
2428,dewaltcr
2429,AlexCoppocBunce
2430,DoNotGiveUpHope
2431,WynGalbraith
2432,drewboi83
2433,3Writeandwrong3
2434,Nwkngwapurpose
2435,JanetCa11990164
2436,bming5
2437,OWS_ellie
2438,jimstaro
2439,tati_vict
2440,BobSandberg
2441,riverrat861
2442,ChefTeddyLA
2443,AChromaticHeavn
2444,kimberleylovato
2445,jr60542rizzo
2446,IconicInfidel
2447,KiyakakaHippie
2448,RescuedAnnie
2449,dalisbrother
2450,runPattirun
2451,stevescullion
2452,lucille139
2453,Aquinas18
2454,TheChildrenHour
2455,msladyD
2456,KathrynBruscoBk
2457,Hahavishnu
2458,jthow2001
2459,MellieMel57
2460,RedSavina911
2461,AuntyAlias
2462,normansystem
2463,aJSDecepida
2464,saramo
2465,Xicano2nd
2466,dearcynthia
2467,Magginkat
2468,barbf
2469,jcjet5
2470,AralBereux_
2471,JerryElliswatk2
2472,francisanderson
2473,oakswflyer
2474,Kennedy_shaun
2475,jimcombs
2476,bluebonnetbunny
2477,mohantt55
2478,drbluiyzz7
2479,WomanWarrior17
2480,Bonnieinchgo
2481,ArthurA_P
2482,Place123456
2483,Mschade2020
2484,yarrow1
2485,CarrieAtFFCa
2486,TheRomeoShow713
2487,rhystaylor77
2488,KAYLEEBURRIS
2489,Mikew1767
2490,AndyAnderson30
2491,brianpdarling
2492,JanetteMarashli
2493,specialeveningr
2494,ColrfulEmojine
2495,iamkillerpinky
2496,boomerang_38
2497,GTAheritage
2498,Shawna718
2499,MariaWiszowaty
2500,JackWho2
2501,StopThisMedia
2502,herbmcohen
2503,kahluaandrum
2504,IIGarayS
2505,kate_d2161
2506,mfma67
2507,MadameND
2508,healthyhoof
2509,Trishalla2012
2510,blandblankname
2511,kerry113
2512,theresamax
2513,DAISYSHERMAN20
2514,jenna92821
2515,LuvaraLawGroup
2516,GuthrieDavis
2517,gordy_shanks
2518,plbutterfly59
2519,NancyCrouse2
2520,WellnessAnu
2521,artistic76
2522,StacyStacy777
2523,DMANLT
2524,JanetsGoodNews
2525,dasheronio
2526,LorenePaula
2527,FemaleOutrage
2528,LaurieHosken
2529,PabloJHB
2530,chemoelectric
2531,GreyMolly1
2532,gntlbeast
2533,Toodles33
2534,beachcottage13
2535,BRNComputer
2536,RubyAndrewsU2
2537,mdnt_strm
2538,EnglundBob
2539,JodiebethJ
2540,amocantidavid
2541,slewis305
2542,RandyBrush1
2543,jmkingact
2544,MakeDemBetta
2545,RachelBlomstrom
2546,SueForMayor
2547,akaken
2548,Shegelu
2549,bobbie4nc
2550,RahmanJamaal
2551,BilderbergC
2552,afterthebridge
2553,aljch
2554,Acunaturally
2555,edznyc
2556,Yamztamz
2557,kurtsrose
2558,JoeyM728
2559,mtntandem
2560,thurey1
2561,FrancoCast
2562,JustPlainSue
2563,ggamble99
2564,Leo2xLeo
2565,DadBodLink
2566,Annie_Fox
2567,lajones1264
2568,Serenity7000
2569,Faith_iii
2570,BINGlobalUnrest
2571,Lawrence_n_DC
2572,AmericaResists
2573,JhudoraF
2574,PrisonReformMvt
2575,TrumperTrolling
2576,Peintre
2577,wcline03
2578,SanhoTree
2579,BeingThisSandy
2580,Snarkaroni
2581,sarahwoodwriter
2582,tinkerfells
2583,ivery5000
2584,QuinnQu35356221
2585,Boysad7
2586,Perky15403
2587,oldskooltekno
2588,t_mccallister
2589,CosmicChuck
2590,charles01481701
2591,wytch2012
2592,evilbluebird
2593,annforhumanity
2594,OwossoKim
2595,tmbrown327
2596,Animalolizer
2597,Doyouhaveaflag
2598,teakinrj
2599,andreaharbison
2600,fields_brook
2601,WhirledCitizen_
2602,NowPinellas
2603,geovanni218
2604,toshig2
2605,Shoujofan
2606,RaidersChef
2607,that_crazy_jen
2608,RhondaRClements
2609,colombia2you
2610,wagepeace
2611,Downersdelight
2612,sceastwood
2613,joemcstowe
2614,Beckstle
2615,wxxdlxndwxlkxr
2616,BeVegan4ever
2617,mycarlisle
2618,MichaelPrilla
2619,Papalee48
2620,ShariSuiter
2621,gisela2247
2622,marg55077
2623,BFrauenb
2624,Brianbr13
2625,Kenien
2626,Chris_Armstrong
2627,OscarFlippt
2628,A_Peabody
2629,dkhahn3612
2630,VMIGina
2631,mistererickson
2632,agammy113
2633,Ari_stotle_
2634,Vermonter1960
2635,loyaltmiller
2636,jjbtinman
2637,CognitiveCaveat
2638,1SpinInCircles
2639,Visitkarte
2640,KarenSt63236387
2641,peterlortz
2642,humorkaraoke
2643,OP_Report
2644,savechihuahuas
2645,kimble8691
2646,TheGameOfLife
2647,KerryIvort
2648,DerekHannity
2649,realhumpdonald
2650,mepekin
2651,meakahoney
2652,chloe1917
2653,carlosschettin1
2654,wkeah
2655,JRBuckley
2656,SeanWasson
2657,freebird2252
2658,LucyInTheSkybox
2659,jcjawbreaker
2660,LindaTrempe
2661,JBar_23
2662,1goodwomyn
2663,E_ShukaraWalker
2664,le_fino
2665,CorineHannaford
2666,shamrockroses
2667,UnbrokenSpirit2
2668,geromimosfoodtr
2669,Colo01Liberal
2670,jeffhartforcolo
2671,Kelisia
2672,23dwayne
2673,jyun37
2674,isikmoon
2675,geofflogan48
2676,rowland_jeramie
2677,pqpolitics
2678,nanoatl
2679,JenLuvsMonkeys
2680,lawrenceangbk
2681,HRH_Moi
2682,mrderrick_
2683,eve_graycat8410
2684,ranman09
2685,tomszawacki
2686,harrystretch
2687,DanielBen_Del
2688,Pinkychelle
2689,larryy
2690,RussDyches
2691,gbricketts
2692,JosephWDeJesus
2693,mytwistedstitch
2694,ShimmerPupStar
2695,revkeala
2696,Awareican
2697,radicalmystic
2698,shannonwages
2699,SifuFred3
2700,curiousgeorge40
2701,oldcumudgeon
2702,shondi99
2703,Lilobri
2704,geoff_taylor
2705,TrumpOccupy
2706,Talib101
2707,MzCicy
2708,MaryKel35953346
2709,HipHopWired
2710,Cos2mwiz2
2711,debinfrance
2712,zamzter4
2713,MarkPersons5
2714,De_Nisey
2715,mrsbdog
2716,jaredpurdy
2717,sims_services
2718,leazengage_blog
2719,bebelapsley
2720,PhotoKel14
2721,techboy18
2722,R3vd_UP
2723,jigsmom
2724,ctyankee007
2725,hhmhilliard
2726,NunyaBidness2
2727,esenteman
2728,HerseyIan
2729,jerankin
2730,HDLeonine
2731,ladydar12
2732,endcorrptninNgr
2733,uo_duck99
2734,redmeg1053
2735,D1v3dD
2736,JohnPyrch
2737,amoore270
2738,Gvillestickman
2739,MARIOXSOTO
2740,1koolkat
2741,ringsforfun
2742,demontrosier
2743,BrerBradshaw
2744,spatemedia
2745,nickthequick13
2746,riemerallen
2747,Gwydion620
2748,technosucks
2749,RW_Fowler
2750,bitvitplus
2751,fme21403
2752,SafforldFT
2753,_trempe
2754,redbeard_1960
2755,cekoch57
2756,madisonreed
2757,corvetteflex
2758,maamm0445
2759,Cincitaz
2760,ripple2012
2761,licantropo_max
2762,taotao_hagu
2763,JkendrickL
2764,horvagai
2765,BobPhillips
2766,delta7of96_dw
2767,HenHokie
2768,lewisroche
2769,dyannleroy
2770,BelievnTheDream
2771,AdolfYotdik
2772,Scotladywriter
2773,vsgooden
2774,dremmelqueen
2775,ThomasHorton
2776,txstarkeeper
2777,official_mrsg
2778,KelliSmith15
2779,azcourier
2780,loup_dargent
2781,eaglew
2782,HGeorget
2783,cwpontwit
2784,suzyquetexas
2785,MymajestyQueenA
2786,TuxcedoCat
2787,Haven_Resists
2788,Brian87Reiser
2789,canoncity7
2790,bessiecando
2791,DerrickNelsonSr
2792,FedUpPolitics
2793,Lesliejean1964
2794,JesseJwi35
2795,mystical0404
2796,monstervox
2797,SallyNOLA
2798,yoyobaba
2799,CavernariG
2800,mynorthstar
2801,bjbyers42
2802,_____dash_____
2803,ShellyLazoff
2804,Reid_CO
2805,dlpmas
2806,lenawargo
2807,BSTunaa
2808,DarrylGil
2809,Oxyzentricity
2810,aaronjamesdj
2811,Shuttergrill
2812,Mndreamerof2
2813,Qdog_8
2814,olson_jessie
2815,dkern2009
2816,KateKuryla
2817,k_manevi
2818,RebeccasVintag1
2819,bjr1961
2820,XRetired
2821,TheSusieQue
2822,pstimber
2823,DianaMiller5
2824,paglia_ng
2825,eg4me2say
2826,jive_king
2827,JACB566
2828,Grracy
2829,jaguintexas66
2830,1ittlemac
2831,aroseblush
2832,OFDResistance
2833,jailformelania
2834,loriholcomb
2835,toyvogt
2836,biznizz7
2837,InvestNCannabis
2838,CherylShuman
2839,JPCTumblr
2840,KATHLEE19573817
2841,RESanDiego
2842,cmw0207
2843,Ah_Clem
2844,karadin1
2845,GoEcomania
2846,clarkmd1
2847,gertmcqueen
2848,TNPassiflora
2849,BobbiBaker10
2850,LiberalsAreCool
2851,Cryonax1
2852,Myrddnn
2853,datluv1
2854,thingsrobmade
2855,tho_co412
2856,QuoticIndepend1
2857,shoutforjoyus
2858,FenderFinn
2859,chris_manlee
2860,Malamute_Dad
2861,Miyahoka
2862,wdlindsy
2863,mikelm31
2864,luvjazz50
2865,doc5770
2866,TerriGoldson1
2867,madanabhat
2868,Huab_Hu
2869,AlessCullen
2870,dpuchalt
2871,SGT_Durango
2872,MCCJC8
2873,daffodil0127
2874,3ChicsPolitico
2875,LolaLoquacious
2876,Felicia0005
2877,JimWood1369
2878,Countriboi46
2879,Dreamgodknight
2880,BigRon_33
2881,Nicole_GolfFL
2882,crewislife
2883,OverTymeMusic
2884,paolo_sf
2885,GailMMcRae
2886,UrStylistJacque
2887,breezyrobin
2888,iefap1940
2889,glendburgess
2890,HappyHelloha
2891,LHolmes84
2892,MimiTexasAngel
2893,sddphoto
2894,demsconnect
2895,mindoro33
2896,eadaoin777
2897,AnitaLu47381702
2898,frick55
2899,shessosardonic
2900,GA_Duchess_8376
2901,tmelvin1911
2902,BigDru
2903,DesiVic1
2904,Lather222
2905,SXTZ
2906,raytimmermans
2907,jbeauvaisphoto
2908,stubimmac1
2909,VonGormanArt
2910,MaritGrendstad
2911,Carbusys
2912,Bruchan
2913,JakkuSpeaks
2914,JoyUnconfined
2915,iwhofan
2916,jrex167
2917,Bespangeled
2918,authorgal
2919,Mandelamen
2920,cybrarian75x
2921,HappyProgressiv
2922,febonyc1
2923,Whareagle
2924,KarrenKuk
2925,tonyanytime247
2926,tahoejimbo420
2927,jeanrexach
2928,EdwPatJadeOwl
2929,jmleuterio60
2930,TrumpNewsDump
2931,brerlou
2932,topazkat
2933,RobertMouton4
2934,RadicaLibre7
2935,NomadicEye
2936,joannegiovenco1
2937,marjorym7
2938,errandwolfe
2939,dragonlady_
2940,j1t9b68
2941,bipolar_colbear
2942,TeaWithSu2
2943,Luv4AllSpecies
2944,MountainTop312
2945,nearlyfamous
2946,Dartagnan1986
2947,FABPIX615
2948,charsbewitched3
2949,TouchoHoney
2950,MARTHA61557568
2951,shirlynmyles
2952,SarcasticCynics
2953,MichaelSoaries
2954,WolfKJM
2955,greenacres437
2956,primalsuite
2957,dashingclaire
2958,faithwil
2959,brucewilk
2960,PalmerPlanner
2961,kstenbch
2962,slejmshow
2963,BlaqueAhys
2964,Token12ga
2965,wiseoldsnail
2966,jmescoda
2967,Thehollieday
2968,WillieGNYC
2969,hippiechick1962
2970,starbell
2971,yoopergirl737
2972,fightingback62
2973,GracieinOHIO
2974,queertardo
2975,Lowe_Go
2976,toschie
2977,SDRainbows
2978,alex_antonin
2979,awillowhawk
2980,MichaelSeymourX
2981,stlred05
2982,PastorMBattle
2983,THABABYDIVA
2984,ImaniNelson75
2985,AudreyTaylor5
2986,KeyMuSaBe
2987,MrFlyGenious31
2988,ronnywhaley
2989,TrdmxRaw
2990,TanyaMSanders
2991,CopwatchCPU
2992,Alliance4Chnge
2993,stephencorbitt1
2994,SBX_CC
2995,silverbough
2996,notComey
2997,davidr8203
2998,MargiNowak
2999,lizrockdesigns
3000,pearlzb4swine
3001,smiley2303
3002,jones410
3003,wiccaterryriley
3004,seachele420
3005,DCDPS
3006,clipperon56
3007,mr_lordsofchaos
3008,otepofficial
3009,jodotcom
3010,dianedonatoactr
3011,AliyahNiambi
3012,Sir_Rhommi
3013,RavenCat13
3014,RicRistorcelli
3015,spanky6973
3016,Jackiemenwa
3017,deebyers
3018,rkrosalyn31
3019,chrisjm42186
3020,325Jax
3021,JPG300
3022,onlinehelppro
3023,sardnas51
3024,vlramirez12
3025,gueneverereed
3026,TheresaSToronto
3027,obsessivelyMe
3028,denise_tullis
3029,ZookeeperJones
3030,AboriginalPress
3031,deeannsea
3032,snodawgz
3033,garciawiz1
3034,alwaysstephie
3035,slayerutica
3036,gmabear
3037,kwitch1
3038,heardtonya2673
3039,AbdulahiAhmed
3040,razztaztic
3041,montereymac
3042,theDeathofLove
3043,drdahahn
3044,CapeDodie
3045,cheetahspeed
3046,mark_kelly256
3047,srdegroff
3048,Jebolizer
3049,simplonpc
3050,erconger
3051,Wandersteele
3052,Izzy1970
3053,Samearljverizo1
3054,Kalolo1958
3055,Lady214619
3056,fubar1956
3057,truthsp3ak
3058,BankwithFred
3059,felicerosser
3060,victoriahessco7
3061,mfstern
3062,janenortonyoga
3063,huew123
3064,bc400
3065,dunnclan
3066,DelongToni
3067,lorendue
3068,Luhi78
3069,RedTRaccoon
3070,likethewatch
3071,PeggyOakes
3072,sacklyfe
3073,FlorenceItaly10
3074,2010CGW
3075,TLthehairgeek
3076,pberrini
3077,kimlovegirls
3078,regenecaUSA
3079,kitrob2024
3080,TDerousselle
3081,skm1955
3082,AliJamalEvans
3083,thecmpro
3084,Joe_John
3085,ZenBuddhette
3086,Anthonyds80
3087,lcrouse1
3088,tribel_trinibel
3089,Eykis
3090,montkathryn
3091,alizarian
3092,AlsoMrsB
3093,ThoughtfulWoman
3094,Kanieh57
3095,PurpleDuckyDesi
3096,cheryl06015685
3097,adavaco
3098,ResisterDot
3099,SamuelsonJoe
3100,tickyspoon1
3101,LeeMadden001
3102,PostalmomSeeman
3103,mansoorn1
3104,kayoneill
3105,GaryBlackmon
3106,ziggyz2020
3107,grahammaui
3108,stolenmomentsjg
3109,Da_GuRu_26
3110,therealamaru
3111,Steviechords
3112,lphill666
3113,GrandmasterAGI
3114,OkashDonna
3115,Patta47cake
3116,Johny_GT
3117,MaryMaryQCtoo
3118,dem_happy
3119,blueeyedmonkey
3120,Silverfox999
3121,kellyjomacy
3122,ConsultDrSteve
3123,DonaldGripe
3124,fiorbhlasta
3125,MarshaGleeman
3126,KadirSnijder
3127,thiafinart
3128,2tall4u2
3129,GBTRU
3130,Tulatwo
3131,workmom10
3132,hewitt_pearl
3133,RadResilience
3134,Saulny
3135,BennieWiley
3136,DonaldW63129434
3137,Rowdy_Bunny
3138,whymandesign
3139,olajude
3140,gigieddie
3141,PalmCoastGus
3142,MikeTrail3
3143,ResistanceMove
3144,SusanFairweathe
3145,Dave_Fouchey
3146,Gary_Coast
3147,TDJ1964
3148,Bonnieme
3149,CockRobin
3150,FessorFrink
3151,jamaicanjune2
3152,AmaraaU
3153,Elizabe89909644
3154,deckhand45
3155,TheAngryindian
3156,Bartholomew1154
3157,McTrotskyPup
3158,MarieBrown35
3159,JenniferRJones
3160,mariedlara
3161,Owlie55
3162,ScoopDaa
3163,FitnessMama40
3164,FairLove07
3165,ELoewke
3166,kenquandt
3167,rmseven1
3168,TonnerToys
3169,MLBrecheisen
3170,nbshulman
3171,jennstar33
3172,carolcfraser
3173,mrsjoananderson
3174,Aunty__Em
3175,TPoloPolo
3176,abishopjewelry
3177,NancyVet
3178,TedMorawiec
3179,ozzyfan1962
3180,PeteThePoetCobh
3181,53dlb
3182,DeneceV
3183,FredLipsey
3184,adnilxa
3185,_Carja
3186,sqdparis
3187,ElaineDantzler
3188,jfan2
3189,DrLearnALot
3190,JoeTraina
3191,HeidiKZimmerman
3192,shodfeet
3193,howardig
3194,HlaoRoo
3195,Jan62dragonfly
3196,KokoDavisMarie
3197,brazilhairgirl
3198,ecarder9
3199,Liamsassy6
3200,screechingcat
3201,NaturalLamb
3202,empr355Bajan
3203,allan_heyman
3204,YesWeCan4Us
3205,truromanticlife
3206,RuthStory8
3207,jengrimes8
3208,Vaping_Gram
3209,Tyroist
3210,be11a102
3211,boandsunny
3212,MsKunatai
3213,CandaceTX
3214,KristinaBachma5
3215,crayzeyes4real
3216,Nickiflorida
3217,GabrielleNYC
3218,fiftyfiveandup
3219,imaxuncut
3220,FavorsYvette
3221,AlbanyViolin
3222,lyonsnyc
3223,Janeygilly
3224,Ivy45artLily
3225,UBetrAxSumboD
3226,TheJeffManghera
3227,thedocster1
3228,arijameiers
3229,SteveSimpson_
3230,fcj316
3231,Enchantedmango
3232,BrendasSexton
3233,VSK007
3234,TypeOneg
3235,alpacheco
3236,AcidySpit
3237,EricHearon
3238,EsLadyLavender
3239,Lili_Majnuni
3240,CharlesDanielC1
3241,faylevi2
3242,DianaReedMD
3243,JulieGrey13
3244,ElizabethMonr16
3245,rose_rp1543
3246,Patrici10051859
3247,Politi_Grandma
3248,karatblood
3249,CrazyBob48
3250,SumSuzette
3251,polipaca
3252,_Joy_R
3253,Jacqnoordhoek
3254,BakersdozP
3255,Atchinvest
3256,moseley_carla
3257,medical_girl
3258,TruthDrivenLife
3259,ReneeReneecerny
3260,DavidWorthy
3261,BigDstar
3262,macgrl
3263,DarkMoe3
3264,goddesswithin45
3265,ImaRyter
3266,ThurowJohn
3267,firedrake1954
3268,JeanJAuthor
3269,conradking
3270,bandsh
3271,Blackiegirl23Mo
3272,JumpinJezebel
3273,iamcmax
3274,JodyGundersen
3275,hwymanric10
3276,VictorMattoon
3277,ThomTrue
3278,crafteratheart
3279,Aronzaqua
3280,Bluesfuzzies
3281,jakeofthestreet
3282,NatalieRed
3283,WilliamReconspl
3284,fluffoid
3285,CoastalMistress
3286,BywordtheBook
3287,Mr_Jitters
3288,HumorTimes
3289,DarkEyes36
3290,JuanMGarciaJr
3291,MoonstoneMary
3292,shempzine
3293,davemoskowitz10
3294,smileyyearwood
3295,petemarinos
3296,Jamessa28137701
3297,AnitaMoney5
3298,kevinp64
3299,MSquared8993
3300,AnthonyPierulls
3301,kellyjohnsonhas
3302,Kingdomrealm
3303,TiffanyBranine
3304,JamesAThomas67
3305,inartfairNYK
3306,Gregory011
3307,JenniferCecer11
3308,Jennifer19391
3309,IBelizeit
3310,anniceg1
3311,aocwarlord
3312,LOUBBQ
3313,Mistor_ME
3314,Fanny_Doe
3315,Carving_turns
3316,mikedostal3
3317,LaraRosevelt
3318,The_Orangeidiot
3319,ImSeaSix
3320,Harrytru2
3321,WETHEPEEPSACT
3322,tPAs4AgCFyrCnj5
3323,JanDavidson
3324,I_haz_wrench
3325,JusticeToAll
3326,MPierreLachance
3327,BigNASTY312
3328,RedLady57
3329,Rite4sales
3330,kathymaddox1956
3331,h_algiere
3332,SundLayInc
3333,risscobalt
3334,ezfreedom
3335,jedwdallas1
3336,Iamzteach
3337,Candi151
3338,krass55
3339,DierdraLT
3340,SanchezWillie
3341,GomezSantos22
3342,rufustaylor1951
3343,FreedMyself
3344,joemac1114
3345,katymom01
3346,Sojournerit
3347,greencelebrity
3348,janno1410
3349,Asmodeus19711
3350,JANISCHRISTIE1
3351,Mickard
3352,TandZtalk
3353,capedshitheader
3354,zombeck
3355,tonytrupiano
3356,CleverMonsterCT
3357,YourKinfolkz
3358,gamefish42
3359,Sunstoned2
3360,TAS124
3361,bjneteng
3362,DavidWillett22
3363,peacedreamer
3364,armistead718
3365,KellyAnnSpencer
3366,Shirasmom2
3367,RichardSparks3
3368,KnottyMary
3369,GC5050
3370,meganmckenzie94
3371,bousaab
3372,ErichaCrews
3373,Morgan513Kerry
3374,blakehorton83
3375,Zenman1550
3376,manofpeace777
3377,poohbaefn
3378,BurridgePamela
3379,Pixter13
3380,KasprzakMary
3381,ProletStrivings
3382,vixanwriter
3383,Rabid_Liberals
3384,mypsalm1
3385,itsme4844
3386,FacezoeMMvments
3387,jgmedlin0ga
3388,PhilipJ179
3389,sherpeace
3390,bappsbd
3391,spennington33
3392,BarbaraPyle1
3393,Anumbr1
3394,bcdougan
3395,AlfredEDSouza
3396,RuleBand
3397,franwgolf
3398,GeminiOwl
3399,Fs88M
3400,SPotae
3401,leanna57
3402,tedson1967
3403,SeailaEssie
3404,K_Creations
3405,LAsWorth
3406,demdame
3407,snuggles0711
3408,DogPusher
3409,MB3252
3410,iamnotbubba
3411,JGibsonDem
3412,deedubyakay
3413,ilomama
3414,BrendaMackay13
3415,jmdooner
3416,darrick_tonini
3417,True_Blue2020
3418,RebeccaDam
3419,kathlee87503163
3420,Flomoll
3421,StormeNeal
3422,nasaretired
3423,ParrWh
3424,Rootscouncil15
3425,Matorka
3426,jumpp408
3427,carrieinco
3428,mercedeskat45
3429,linda_Nani10
3430,Tessie60265877
3431,Pox_Voldius
3432,ctlss
3433,JonnySolstickan
3434,majken_bergman
3435,consiglia10
3436,BigB121164
3437,debracleo
3438,CannabisBizNews
3439,theunchainedgod
3440,JosephMGindi
3441,Hst3
3442,euphoria12
3443,ulysses23
3444,Cynthiosity
3445,Chuckmeg
3446,NubianBlogger
3447,meow2u22
3448,NoMonsantoEnPR
3449,toniadyson1010
3450,wallytraxel
3451,bbtampa
3452,bonkerseh
3453,sadlady47
3454,CynStoltz
3455,JuliaPersonally
3456,literarilyme
3457,StravatoJulie
3458,BOBSarmymom
3459,LaymonRupe
3460,robertdmckinnon
3461,judy_george
3462,dierdrelewis
3463,Tina8188
3464,R_A_Yanez
3465,BobHausvik
3466,EmilyLapierre1
3467,hrhbluetitch
3468,Sevenfold747
3469,Patri0tMissile
3470,Saukel
3471,gildedlillypuce
3472,ptapprels
3473,ellenmcdee
3474,alizaalbornoz
3475,CeciliaDCG
3476,Mtherfckerjones
3477,Badar1
3478,fgrammit
3479,gingerstreasure
3480,angel1154
3481,MaryAbrahams
3482,chefahossain
3483,Le_Bleu_
3484,LindaJe69014706
3485,GwenAzama
3486,macca737
3487,msdirector
3488,kenni2
3489,jssprenger
3490,MasterXSeawell
3491,MCGrammarFromFB
3492,WileyCleo
3493,Rachel_Gal
3494,jennlui_
3495,guidetoawaken
3496,GabyPruneda
3497,Curmilus
3498,bailey252166
3499,nudo54
3500,elationrecords
3501,UrbanSentinel
3502,jctaudiodesigns
3503,kpl1444
3504,obestbelovedac
3505,knorpi
3506,sarah_siskin
3507,AntiqueMallYall
3508,MhakkHall
3509,2Freelancer
3510,rekimball
3511,Marcr1240
3512,Bckrda
3513,cobooklady
3514,EVIL4HIRE_COM
3515,NigelCharles
3516,MariaMinerd
3517,CarolMaeWY
3518,RanchDressingTN
3519,jlorang2
3520,danbernard
3521,kimiwei
3522,dwalker25
3523,PlumPete
3524,grammaturtleQ
3525,stipefreak
3526,KimberlyAyala5
3527,JelloDice
3528,420Headline
3529,lisathompson36
3530,JaredMabie
3531,elumos
3532,captnmoondancer
3533,AdamCollegeman
3534,trinitythomas
3535,Tinwords
3536,thomcanuck3
3537,Lytingale
3538,arhenriques
3539,AFlakyGirl
3540,SassyMouth2012
3541,TrumpsTrouser
3542,MariaShea55
3543,thinktalkvote
3544,DevorahTiferet
3545,rmcgrain
3546,rcrockett
3547,LilyValley18
3548,gilraent
3549,Flora22NYC
3550,Bruce_from_TX
3551,SharonBowker
3552,Shazzer
3553,AgentCarter_SSR
3554,mikkidees
3555,SexyTechLezy
3556,sparkermiller
3557,johnreddick31
3558,hrieland
3559,MonnicaD
3560,Perry_rg
3561,jboyolee
3562,Rustydobe
3563,Tennyce
3564,uversa777
3565,nola24073693
3566,karmutsen
3567,PaganMediaBites
3568,InezTexas
3569,mushroomfeet
3570,Dorothy33870
3571,electricshop7
3572,FashionIkonn
3573,fashionguru2015
3574,FiFiMontgomerie
3575,jackie_mass
3576,tymlezzbeutee
3577,chase_susan
3578,Carolwilm
3579,PastorJOxley
3580,letsgoviralnow
3581,tractor_pilot
3582,JoyceSamMedley
3583,ThongLickerOne
3584,buddhatn
3585,Nebraskaknows
3586,DiamondShines4U
3587,pawoodburn
3588,NancyM21684906
3589,AndthenIsleep
3590,scorcher9
3591,Purrrnella59
3592,Samnsara1997
3593,Dillysdoll
3594,polyscorp
3595,Usapoliticsnew
3596,EAGLEjme
3597,DssdentAggrssor
3598,tracyfields56
3599,Janet6553254
3600,ahlopez1974
3601,acatl07
3602,lapotra1966
3603,Dancingpalmtree
3604,seenbothsides
3605,RubyMoon2016
3606,stacwil
3607,YoSoyDeLawton
3608,marty10707
3609,owelor02
3610,Douglas_Nilsson
3611,SsabinaB
3612,renmiri1
3613,jamberstone1
3614,klpaul27
3615,MagazineTesla
3616,kathylslaughter
3617,khunyarose
3618,ladysharona
3619,lyndachyzoba
3620,chuckandlori1
3621,JudithGonda
3622,brandingcupid
3623,Darlene_Edw
3624,RH615
3625,karkainan
3626,CynthiaHodgkis2
3627,Malyuun2425
3628,Legendaryone999
3629,mgiorno
3630,PbSULAK
3631,rebeccastaab1
3632,rickladd
3633,19Dolphin39
3634,wwwPrietohomes
3635,bluebullt1
3636,MrMickeyTucker
3637,GScreezyG
3638,SunSeller33983
3639,onecaliberal
3640,blk_shrink
3641,ciudadanrescate
3642,PHILLIPMSMITHJ1
3643,dkcalgal
3644,itsedwardoz
3645,justalilrowdy
3646,WashingtonKhmer
3647,RebelRhoads
3648,fuzzmond
3649,RevJCMitchell
3650,FrederickButl11
3651,FrogQueenHRH
3652,ROBERTPATTERSO1
3653,patriotic_oppos
3654,AlikiBags
3655,TrishaWa
3656,tiffany06678934
3657,huxthedog
3658,Sabina12385378
3659,heaveninpbg
3660,MAMABEAR1219
3661,stein17_stein
3662,lmcbreen
3663,3icn_llp_llc
3664,GentlyHeretical
3665,mimiflyingcat
3666,BettNorris
3667,SandraFreeman9
3668,CKinservik
3669,Molewhacker
3670,tpdnly
3671,Clevelandpro65
3672,tcham08
3673,Lilly67
3674,adrian10191
3675,ZSkytwr
3676,voter1vote
3677,LiloAdams1
3678,SwedaPamela
3679,ReneeDeLeon2016
3680,Ralphy234
3681,joantheonlyloon
3682,WeRalldoingtime
3683,hammerac
3684,patticar
3685,gregjobe95
3686,dpbusche
3687,DMakuala
3688,multitain
3689,EmyQueenFb
3690,Bigcat1958
3691,amadicro
3692,dmartina48
3693,Puzzfy
3694,5wa
3695,goprapebuster
3696,AConservLiberal
3697,chapril
3698,RenaissanceConf
3699,Viresh1
3700,geralyn_calvert
3701,PhyllisKStein
3702,caroleannesr
3703,songbird_63366
3704,ElisabethdaCos7
3705,bellatessoro
3706,LadyNParadise
3707,diannevalentin
3708,tedcrisell
3709,AGomezNYC1
3710,joannahrussell
3711,cogana
3712,shbeetle
3713,Babarushka
3714,Leanne10011949
3715,Ruthhand2
3716,matthewmientka
3717,katie0873
3718,ranchocopper
3719,AndrewMaddox4
3720,SuperNoder
3721,JuithRW
3722,dige5000
3723,jpost2019
3724,progressive4usa
3725,malemotives
3726,divagasm
3727,jeffdkorn
3728,earl1956
3729,DJoeParadise
3730,masg66
3731,perrycolemanhog
3732,joseph_krepps
3733,JackieAmbrow
3734,Liaison1011
3735,chazzz54
3736,QuoVadisKorea
3737,yojudenz
3738,NASTLI
3739,ParadiseBarbers
3740,KincaidPerriman
3741,dulcinea6272
3742,Nayacat987
3743,jaredhassan
3744,v8headers
3745,imcverm
3746,deenie61
3747,JoJO2752
3748,BjornGeber
3749,RichardRayG1enn
3750,DavidJContrera1
3751,Kbalogh
3752,macdaddy4x3
3753,SEOcopy
3754,ericaneveau
3755,Natasha934
3756,jhadleyconrad
3757,ladydragyn
3758,imagist
3759,suzieputnam
3760,JehannDeb
3761,Juliemfh
3762,TeriLOC
3763,des1017
3764,Seagoddess54
3765,Doggist
3766,GarrBostic
3767,msdiva2us
3768,brutmajeur
3769,RachelKnits1968
3770,OctopusCRJ
3771,FootballFemmeTV
3772,Wxlf_Pein
3773,wdwrd1277
3774,kathyritondo
3775,pinklady3351
3776,Buddy5100
3777,MindSlv
3778,LeftyToTheCore
3779,QumranTaj
3780,avajconner
3781,PadreValencia
3782,BassLeslie
3783,mnajohnston
3784,brazennectar
3785,TReggieBas
3786,benjred
3787,GeneBryant2
3788,Wanda42Bruce
3789,SunaeThomas
3790,dsfpspacefl1ght
3791,Cher_Wolf
3792,djevu222
3793,Love2Hatetrump
3794,BlozLola
3795,MDSmith1824
3796,ppalmer316
3797,AmoneyResists
3798,heysyd
3799,tweetzydeetzy
3800,AuthorFAChekki
3801,JSkyWinters
3802,Gummi_Gal
3803,Monnica888
3804,ecwill
3805,Zgsquare
3806,papawu1
3807,ttrimm
3808,B0rdertourista
3809,SpritzzyChick
3810,CaritaM
3811,MaryWakulik
3812,forrestkruger
3813,riboflavin43
3814,FRANK_J_MILES
3815,tayman
3816,BrandyIris
3817,JonathanMKemp
3818,curlysearcher
3819,joegreco
3820,BurlingameTerry
3821,KINGRALPHYNYC
3822,ismailicon
3823,KThePharaoh
3824,mumblyjoe
3825,reddantzz
3826,MaryLagod
3827,CoWildlifePhoto
3828,TawniVixen4
3829,TawniVixen
3830,brandywineboy
3831,gypsybiker
3832,KyraBelan
3833,Markrushton63
3834,FlanaganBP
3835,_jgb9
3836,mikebotula
3837,crazymillie8
3838,effiedog
3839,SAMMath10
3840,topogio
3841,taboo1099
3842,vickiemcawesome
3843,Mr_Ankur_Quotes
3844,vjc411
3845,micjojd
3846,Pravdauk
3847,kanakuna
3848,jagsusa
3849,MaryKayMarrell1
3850,Robert2909
3851,Liz3014
3852,jch_taurino
3853,KarenKvie44
3854,alycehartwig
3855,whigheagles
3856,Rachaelage
3857,PatriciaLabel12
3858,TinaMich1227
3859,BrianC819
3860,nevergop33
3861,FrankGarritsen
3862,snoopytheonly
3863,Patchoulimommy
3864,CarlaBollington
3865,opednews
3866,RobVelasco70
3867,wishfulthinkn69
3868,drew_a_krause
3869,JagathKey
3870,sweetierl
3871,CaraSampson8
3872,OOZandOZ
3873,divinepurple
3874,ShawnLeenerts
3875,BellmanKelly
3876,shift_in2_turbo
3877,frenchette4232
3878,bsweettoo
3879,rmertel
3880,Dogbarxx
3881,leontodd
3882,TymothyWBrown
3883,Parrottfarms
3884,Meshel16
3885,004nino
3886,SignoraDarling
3887,nymba123
3888,jonmspangler
3889,t_san
3890,marydi60
3891,waltb31
3892,CindyKester
3893,markfromhalsey
3894,mtnestersabroad
3895,pantsysmart
3896,pastorjustjudy
3897,Gina98610
3898,CryBabyPrize
3899,esabbagauthor
3900,dcasapwarren
3901,WandaBelcourt
3902,willowfrantn
3903,k_proberts
3904,monkeyrotica
3905,Anahata56
3906,GStoltenberg
3907,singularity59
3908,nextstopjupiter
3909,TangSongs
3910,joenstasgallery
3911,TrudyLeBeau
3912,terryturvey
3913,bruinsma_l
3914,Dana_feminist
3915,Antknee909
3916,SandraSisti1
3917,DavidDarvishian
3918,jamesleestanley
3919,chuckmoran
3920,Yastreblyansky
3921,sprtnut_69
3922,teeljamesglenn
3923,LindaIsmail
3924,jerryfischetti
3925,cvp1024
3926,DoronRecruiter
3927,kjon1230
3928,akiem75
3929,momdancer40
3930,Helenschihuahua
3931,MamaBoope
3932,SunshineAppleby
3933,Palmer5
3934,Yinkxie
3935,tooloosetoo
3936,DeEttaLynn10
3937,realtalk777
3938,KarenRossGlaser
3939,genobkk
3940,Eggie03
3941,authorkimcroft
3942,deancv1958
3943,BETSANDERS
3944,EBlumberg11
3945,Night_Goddess17
3946,TAVIA45
3947,Grrl_Herstorian
3948,PragmaticEbooks
3949,waitingon2015
3950,mimapr
3951,MTMTravelers01
3952,JoseyphineJohns
3953,tackmar
3954,jathomas551
3955,MsNashville
3956,Jackielaw5
3957,HussamA
3958,modestclothing
3959,asimhasan20
3960,CAIRNational
3961,DrAmyWhite
3962,Trump1is2nuts3
3963,Ludovicaa
3964,atlnewf
3965,RudyReyesSD
3966,LondonBresin
3967,virvikram
3968,FindWednesday
3969,mgoldfarb999
3970,CathyMLowe
3971,WhenRepubGovern
3972,Die__Trying_
3973,turtwigcory
3974,LenWoynoski
3975,Inhisspirit
3976,ikonaphoto
3977,kelley1952
3978,VallyC1
3979,therightswrongs
3980,undercover0000
3981,dnursette
3982,MarcusPun
3983,joansjewels
3984,danettehunt
3985,RevCheni
3986,hubbardbro
3987,SiminFrazer
3988,DouggDouggc
3989,casey_colleen
3990,Raycerx58
3991,shabbytrick
3992,brendaspears55
3993,ELCONDE4LIFE
3994,syed32701
3995,zoegem
3996,Flirtyphilly
3997,WBrids
3998,PeaceEarth533
3999,Tekki4415
4000,Floridaline
4001,dapperdave51
4002,serpilcr
4003,jamievanchop
4004,mylife48613
4005,simonsvera
4006,DivineTrash
4007,Sweetdr17415074
4008,jsb_s2k
4009,elizabetharmst5
4010,ebow25
4011,mistyphilly
4012,patob7
4013,ArtResist
4014,JMCBlues
4015,LSmith51
4016,MarciaStarkman
4017,Stegonos
4018,VotesCa
4019,theFATpage
4020,jewellepperson
4021,Miki__Kay
4022,missourigirl62
4023,GeriSomething
4024,celticlas
4025,PinkyTuscad7
4026,LazzaAttack
4027,mawj46
4028,fewa1982
4029,teeb5
4030,StevenMRoberts
4031,Damn__Yankee
4032,LiberalLoner
4033,Y_Conflict_Mngr
4034,HenryZeniewicz
4035,NewsJunkie62
4036,Mooncatadams
4037,ReasonAwareness
4038,Pa_2
4039,MrSinister53
4040,ssbn608
4041,silviatb
4042,peopleneed2know
4043,TizyFizy
4044,lemon_meringues
4045,AmyTidd
4046,SimranKindra
4047,MsLighthouseCat
4048,Mi5Recordings
4049,1cba01a1f75e4e4
4050,reallyflyzgirl
4051,JonKatz5
4052,elaineobenshain
4053,SpudLovr
4054,pmoore5475
4055,kirkdhansen
4056,Reginat85763907
4057,HealthCareNws
4058,mattalley413
4059,osborne_levy
4060,dgm2
4061,dmcomedy87
4062,LuvvvMusic
4063,papriddy
4064,1IronMan2O2O
4065,cocoa1080
4066,Sheine249
4067,LindaLinda11059
4068,susan_ward2016
4069,tederoo9
4070,German_badgirl
4071,BoldlygoSeattle
4072,JeanSanPach
4073,dvavougios
4074,maureenchuck1
4075,DoctorBrod
4076,TheGASMass
4077,LGSoderlund1
4078,YvetteMCramer
4079,sejewett
4080,AfricanMart
4081,Zen_Speed
4082,MaileesteamCMB
4083,flauntartdesign
4084,Wildrider51
4085,bryanhands
4086,NadiaRain_
4087,5678cloverdale
4088,hollyricheson21
4089,damingez
4090,britt_coleman
4091,TheresaJeanD
4092,MavsOpinions
4093,TKinRock
4094,Everythinglakec
4095,dlhkfarm
4096,Philosoraptor11
4097,sharon_schembri
4098,ArqErickBlanco
4099,glassravennow
4100,hectorjokes
4101,Grtseeker
4102,AlisonC50677977
4103,Gjallarhornet
4104,Lyndaplain
4105,turnage_kim
4106,angelchic53
4107,PeteFoti
4108,HarmonyAquarian
4109,MonroeG5
4110,Occupy_SoIn
4111,atlanticgail
4112,PhraNuntiyo
4113,kelly_8663
4114,ArthurCLunt
4115,fer11wp
4116,robsanders01
4117,builtndc12
4118,The_VillageMom
4119,lt_temple
4120,jamiajames2
4121,ShryockOb
4122,NORBET
4123,kimbleydeck
4124,_Aniweta
4125,kaisallilja
4126,Yippylippy
4127,snehithjalagam
4128,CarmanBroderick
4129,BobbiStyle
4130,BellaGems54
4131,HenryLaw
4132,JudiBStrubing
4133,AStateofChez
4134,DraIsabel
4135,CherryPoint49_1
4136,jillyt1961
4137,JumzyRau
4138,chocmarie7
4139,GreenpeaceJohn
4140,rjhenning2016
4141,MontseTsarnaeva
4142,shimmerinstars7
4143,BeThisBellBand
4144,pookietooth
4145,hollywoodland23
4146,chefrayvision
4147,codeframesf
4148,annfurek
4149,Barbi520
4150,kstreet111
4151,CoachellaJay
4152,basfred2
4153,latdrayton
4154,dorismlein
4155,Leonard730
4156,silversurfnan1
4157,AliHam49
4158,TomK70
4159,williams_die
4160,shiftypC
4161,kevinwinker
4162,TorturaCuore
4163,IChooseLuvv
4164,retrosher
4165,DCannonMusic
4166,WaterwayRealty
4167,EvolOme
4168,LuRaeLumpkinINC
4169,hreinamom
4170,TheoRedSox
4171,DidiFrench
4172,cruzinbluz
4173,obuprof07
4174,gwfg54
4175,Summer_Nite1
4176,casaremel
4177,GlennJubilee
4178,slavetoybob
4179,moonalli
4180,kathco50
4181,SethMorrison2
4182,Hopeful_Lars
4183,PartnershipDr
4184,vlwall4210
4185,lauragabauer871
4186,KimberlyEndico5
4187,srbija_eu
4188,liteyze
4189,trendship
4190,marykay_stein
4191,CheriSpeak
4192,CTRNewsFeed
4193,AnitaKulick1
4194,BroMark13
4195,WendyGShoup
4196,MicheleHurtado3
4197,biggungordon
4198,Gettenthrulife
4199,wimhoa
4200,LodovikoZ
4201,Cellq7
4202,JeffreyLindahl
4203,th3r35i5t3r
4204,amandajanewd
4205,slsandpet
4206,adequate1
4207,BettyGmam
4208,helen_streett
4209,Pearlander
4210,jcunnin737
4211,StoryTellerToo
4212,philbertphotos
4213,ximenez45
4214,nofolady
4215,KathleenCross1
4216,SayerSong
4217,willowkn_mom
4218,ZakGinnyzak
4219,klgillum
4220,dichotamia
4221,Onecivilguy
4222,nikkicraft
4223,denaclentz
4224,DemocratsOFA
4225,AweVon
4226,joestaiano
4227,RoliverTwist
4228,mightywendal
4229,kseiter5441
4230,irishyanke
4231,Acarospora1
4232,m_semati
4233,lauriedbluw
4234,FargoDem
4235,MisterB20
4236,RagehZid
4237,Fueladdicts
4238,edwardatport
4239,calliditas
4240,LyndaPuett
4241,momgladewater
4242,TarsieF
4243,TammyJRizzo
4244,sinandnoshame
4245,melodyrachel
4246,Carothers1
4247,chicfox
4248,cynthiaiw1227
4249,T_O_T_Blogger
4250,RocksHealthCare
4251,Sharon59
4252,CrystalBdancr
4253,Stayawake39
4254,MussaratMoghal
4255,JDignum
4256,matem7_saheed
4257,Wellover29CJ
4258,rphillips37
4259,hipsterzcomic
4260,ModernMarion
4261,JohnStyffe
4262,SassyJasse
4263,SheWho_Resists
4264,joqatana
4265,WorldCitizenLA
4266,MHCindyO
4267,gorevidal
4268,bakerbyaccident
4269,accessimages
4270,Yavon
4271,AlberoBella_NY
4272,ZemiraN
4273,mikeluvsnevada
4274,AriItalianMuse
4275,NaplesResists
4276,Phenix2011
4277,drewdels
4278,PappyFoard
4279,DrCarol52
4280,brownell_louise
4281,vvalentino1
4282,peri_gisele
4283,memillion
4284,floriankwiatek
4285,northpsychics
4286,CaraMello3
4287,JoeySteelePStar
4288,susanttq
4289,ruffins_kathryn
4290,LesothoPoet
4291,RobSame
4292,RHNotion
4293,Shellac_Eileen
4294,JohnWesleyShipp
4295,lovemycats46
4296,doit4MJ
4297,Fool2242
4298,hgthomas2000
4299,quickgm32
4300,Coyoteri
4301,DebbieLibra
4302,sosobeatmusic
4303,mikeyoungBDVFD
4304,Eamon0303
4305,iceagqa
4306,NeneRichmon
4307,babylon151
4308,OkieKittyKritic
4309,rjmartin1959
4310,brenda_archer
4311,lindalumoore
4312,gentlemindmom
4313,RDonnellyLPN
4314,SwampIsFULL
4315,JohannaKeller
4316,ClareKuehn
4317,SueKirk
4318,CakeFace_Makeup
4319,kitchen5203
4320,stuartgardner68
4321,Santiagojjjr
4322,Hope_Resist
4323,strightshooter2
4324,salinajones3000
4325,PastorGoode
4326,gsngl
4327,ramprecor
4328,TheYearOfMyLife
4329,preach31on
4330,CynThuotte
4331,Brianna01
4332,Followf84396841
4333,HHCHaynes
4334,msfoxylady28
4335,Raspy10001
4336,MJ_Majane
4337,ThinkingKlearly
4338,PaulMichaelMalo
4339,elli4short
4340,BobSmith4152
4341,WarmFarts123
4342,_AlexisCardoza
4343,jessicanimation
4344,knudt
4345,concretecamping
4346,Patrice_Brost1
4347,Ladytwilight07
4348,AlbaLondubh
4349,JLCAssociates
4350,feriadelaluna
4351,ryanaflagg
4352,adbridgeforth
4353,DUH4Healthcare
4354,GAPsychics
4355,Americancrawl
4356,CarolHelvig
4357,loopnsocal1
4358,gorski_nora
4359,rbmumsie
4360,bagypsy2
4361,kittkat2569
4362,ZuuKeeper
4363,Ann_Duran11
4364,DarrellPMWest
4365,pmc95
4366,remckee
4367,thebluepiano
4368,tammybluewolf
4369,BettyJam
4370,kauaitweeters
4371,hitman_y2k
4372,Btrswet
4373,LiberalUSA1
4374,tracymoore1013
4375,JosephPetrick
4376,Hippy4Humanity
4377,jan093044
4378,KitterleCathy
4379,jumpouttheboat
4380,SwmpladySH
4381,Go2HiddenHills
4382,jizirofficial
4383,nowherecomics
4384,MomNlterry
4385,soskpritt
4386,FoxedKat
4387,kf_99_64
4388,la2ga
4389,EmpowerU42day
4390,PenquPenguin
4391,jeancogdell
4392,JohnApp63499667
4393,MartensDebbie
4394,kundakapika
4395,jennster8
4396,RockAlien
4397,gregolson55
4398,Greg_Taylor61
4399,jshiftkey
4400,Luminescent400
4401,Arriadna
4402,coolada66_ann
4403,JayMaybruck
4404,molly7163
4405,945dors
4406,TimothyPWalker
4407,ConnectChurchKC
4408,MzDivah67
4409,healthyforT
4410,wtoffey
4411,JuliePuentes
4412,IdahoIndependen
4413,65alyson
4414,billearl42
4415,susanthevegan
4416,NyraDouglas
4417,Verbatim411
4418,BlessedHghlyFav
4419,tacomadan
4420,cruzcerda3
4421,TirzahYerusalem
4422,answersinreason
4423,Cutwitts
4424,EliseSalomon
4425,AnjaZapota
4426,poetisa828
4427,ChurchAndStateN
4428,warsawmom
4429,AbakeDeRosa
4430,JeannieWhyte
4431,Scott_Cromwell
4432,modushomes
4433,glomilll
4434,JYvettechicago
4435,pamleo
4436,noracistprez
4437,WinrowCarla
4438,Stanislaus58
4439,prvbs31W
4440,marieelement
4441,Craken_MacCraic
4442,loverob58
4443,bonaventureamah
4444,jtmiller23
4445,linksteroh
4446,MKActor
4447,kevinperezut
4448,donna_goodnight
4449,Barbariba
4450,jkhalpin
4451,CenturionFotos
4452,Susanfulcher6
4453,lakeya_cherry
4454,windsun33
4455,PStjarnlov
4456,BuzzForce1
4457,TiresiasGreen
4458,Grwow
4459,Lelandsomers
4460,jones6579
4461,mokemorgan
4462,chooch1e
4463,parJude
4464,austrokurz
4465,DanyellVallotto
4466,WayneHatchel
4467,TeddyMyers1
4468,Shalezeh
4469,mister35mm
4470,authorAD_Grant
4471,mobtown1234
4472,JoseBilingue
4473,Agrannan
4474,janblac
4475,GWerffeli
4476,roland_hansen
4477,ccass1156
4478,McmilMichael
4479,coutnac
4480,foreverLiberal
4481,aynolivia
4482,Tedhowardla
4483,BellaDermaRF
4484,JaniceBurridge
4485,Judyuk1
4486,COMtndreamer
4487,ArtPianoMan
4488,JMorganJones3
4489,Estermalca
4490,women_prof
4491,SharoNastyWoman
4492,cjwesby
4493,ptaylor33915
4494,eserafini
4495,goatman42749
4496,penloi
4497,rosaleilani
4498,CardLinda
4499,Francesgoldbe11
4500,_belle_curve_
4501,mad_dollface
4502,Cast_Into_Ruin
4503,SJerzGirl
4504,spiritdance33
4505,KrystalDekat
4506,GiraffeRCute1
4507,maryangelafitz
4508,Karenturro1
4509,coesign
4510,garak99
4511,LORI_SF
4512,Shinlogos666
4513,jajgyk
4514,Topcat50cousins
4515,jambie61
4516,curiouschicago
4517,risenart8
4518,FrozynSummer
4519,ShannonfFreeman
4520,drs10andhouse
4521,Suzyq4chats
4522,DarlaLathan1
4523,Luminya1
4524,chrisann_diaz
4525,Realityshaken
4526,Angely_Nin
4527,notrump4ever
4528,tres837
4529,eliseross36261
4530,ValMcN
4531,pamcat8
4532,nighthiker
4533,dragonmomeyes
4534,tokyo_jon
4535,rockymiller1969
4536,GrouchyMarkx
4537,higgins_donna
4538,Jenny19240846
4539,matilda2day
4540,Cturnish
4541,OlgaAnnoni
4542,emptyz07
4543,KyMomnaD
4544,danielR80709816
4545,jaycee53
4546,pfanderson
4547,houseofmax
4548,kidneystories
4549,Bobbykeysradio
4550,JuanitaLSpinks
4551,matissecockerpo
4552,BigBrownOcelot
4553,DONNELLTUBMAN
4554,Honeyfairy25
4555,MzMennonaB
4556,gildallie
4557,MdPesticideNet
4558,amanewsnow
4559,wptweetmachine
4560,AllSuperInfo
4561,farhanjamil1975
4562,GoldFM_Fiji
4563,NaomiUlsted
4564,illegitimateKE
4565,Feferang
4566,118
4567,STRTFortWorth
4568,STRTDesMoines
4569,STRTBaltimore
4570,STRTTulsa
4571,STRTSanJose
4572,STRTPortland
4573,STRTSanAntonio
4574,countryzoner
4575,pivanw
4576,MargueriteEHill
4577,sinnersinger
4578,BiasuttiLiana
4579,MackeyDee56
4580,SirrK
4581,ZenaRoberts1
4582,Smkstck1975
4583,tomnowbe
4584,jll229jll
4585,MetebAR
4586,poorlybehaved
4587,drksid3
4588,CNNBreakingnew5
4589,oldrobinwood
4590,itsweezie
4591,JLP4488
4592,Lefebvre_Loulou
4593,OscarCurros
4594,Dp62Pajer
4595,cybergent1
4596,florence_hubert
4597,sce2ox
4598,tlwinslow
4599,BodaciousBelgi2
4600,midnrider
4601,AnarchyArachnid
4602,hoikahoi
4603,EmeraldEyes322
4604,rhwilner
4605,_country_luck
4606,BottomFeederMus
4607,mcelhina
4608,epmohanan
4609,melvin_missa
4610,albertbowien
4611,teamrileyla
4612,Princessmaripo
4613,marlajm71
4614,BrandiLindeman
4615,m_nunziante
4616,zooyork03
4617,WordAzadi
4618,DianaChildress7
4619,MeUnloveable
4620,MattWtexas
4621,RunTrailsFar
4622,pauls_view
4623,DearDeborah
4624,Hill54David
4625,breeezymeezy
4626,LauraBagheri
4627,SheaneilGiles
4628,NancyPa43845340
4629,TheDailyTurmoil
4630,rathla
4631,HK2K16_
4632,SamAndujar
4633,DebiElliemay
4634,susanjbabson
4635,7thousandyears
4636,Melecio2E
4637,RufusMoore5
4638,Garysusich1
4639,textifyer59
4640,RSprackland
4641,GoparLeon
4642,griffbos
4643,MJH1942
4644,RONSF1014
4645,VHowardAuthor
4646,teknomath
4647,jelleesnacks
4648,pianomanrp
4649,nastywomen48
4650,RochdaleHerald
4651,GenaKirby
4652,DTAMedia
4653,HulitKaren
4654,micalaag
4655,babykitty40
4656,tuckettweets
4657,mzleese
4658,justmeandpooh
4659,chris_cmh6473
4660,SallyWillard
4661,ines030862
4662,Smileyr63
4663,morphsintowomen
4664,loriellenew
4665,JugglingFitness
4666,Jaylzzo
4667,yellowclaire
4668,Tymethief
4669,Laronda314
4670,MzLuvnmyCCnKK
4671,setorian17
4672,paxtonho
4673,One1Billico
4674,londonerabroad
4675,kepaa41
4676,vdeputy
4677,mikelara2015
4678,alexsmathews
4679,hubpos
4680,Torontobear
4681,rooneygrl
4682,anicolay3
4683,Magendavid1Bar
4684,jacksonplace
4685,SylviaPassas
4686,scholtz73
4687,KrisSheridan1
4688,isangonce
4689,LizCraig1
4690,MTFDC
4691,AGrownAzzMan
4692,SusanAnglin
4693,angimclarke
4694,debay11
4695,ChristinePikala
4696,PHXAZ008
4697,Bluedragon588
4698,jeanspartygal
4699,ItsRoseToYouSTL
4700,Nick_Polito
4701,SolDuRorr
4702,rich19911999
4703,bigdogsbg
4704,SusanCogdill2
4705,MagzBrookz
4706,myopinionfu
4707,ruthyvonnestory
4708,JacquiVotesBlue
4709,JoUpworthy
4710,Copperflowers
4711,angelitonegro49
4712,ratty1
4713,LHeather6
4714,laserbirdword
4715,HollysmomTj
4716,micheleturns
4717,Midnght1
4718,LAMusing
4719,tmlh1977
4720,JOLYZOO
4721,KellyJeanJames
4722,dogsbark2
4723,JoeGomez1
4724,GabyRaimund
4725,OverPatriarchy
4726,redqueenliz
4727,PantherAlyxx
4728,excommando1
4729,TequilaSINRIVAL
4730,aidgeoscience
4731,mamajama31
4732,t_bladel
4733,comedycontact
4734,Pangurrban1
4735,madlymad
4736,BettyNonna47
4737,forsey_nuala
4738,nuala_forsey
4739,annmariepoli
4740,DrumpfFree
4741,Merlandre
4742,SueLittel
4743,Reneesaid
4744,FauxClaud
4745,STUDIOSOUND2
4746,AsIfUknow
4747,WcaPhelan
4748,sherrystott1
4749,hotgirlshel2002
4750,lblair51
4751,sandwork
4752,aj_simpkins
4753,jillgomes
4754,DrSmackyouSilly
4755,Parzival_86
4756,UrbanPixieDC
4757,WldRvrFshr
4758,robflorence_rob
4759,glorify_box
4760,Rob_E_Mc
4761,TeaRogers
4762,BugPatricia
4763,MarthaDoran5
4764,tmcprdctns
4765,dulcetta
4766,radiobuff
4767,droolindog
4768,jamiegray
4769,HollidayOkie
4770,sixoh60
4771,gmsingh123
4772,IU2FotoEM
4773,Phillipdrphl
4774,TessatTys
4775,MSmith18125
4776,nassimabassi
4777,MysteryOnward
4778,AnnaLouise029
4779,StevenAmith
4780,Vamplover8862
4781,superladymaku
4782,sandiegobailey
4783,jme1dotcom
4784,ShanklinDena
4785,pegsterhoff
4786,minnasmom
4787,cupofkona
4788,Michele11291950
4789,EloniaNyx
4790,Joe_Coleman05
4791,Theophite
4792,AntNikkii
4793,StrikeEagleII
4794,LightGuy48
4795,dimplesofdoom
4796,karystus
4797,polirical
4798,SusanemEKG
4799,_MyBlkLife_
4800,grggsctt
4801,4alarmsafeplace
4802,wabashC3
4803,Shari239
4804,pldanzis
4805,becauseiamaboy
4806,wenchiebrat
4807,Mytlemeboy
4808,dollbright1918
4809,ftgreenepark
4810,waterjunebug
4811,SharonHitchcoc5
4812,GLComputing
4813,chrishbenge
4814,carolereardon13
4815,richmilda
4816,obxkymberly
4817,DinoDeanShow
4818,BonnieBon
4819,Kw33nStacks
4820,ysabelcristina
4821,billdor1
4822,josevila
4823,DeMiCocinaChefs
4824,BernardMcEldown
4825,ericp2k
4826,lynnmarrapodi
4827,Hilarymackelden
4828,DrCarlosCordova
4829,ivdriprocks
4830,TheCItizenist
4831,jmarti8445
4832,mikerosonet
4833,joanatwinter
4834,Katuwah_CompSci
4835,CarolMerritt
4836,Jerozie1928
4837,JoebCarolan
4838,tmhall9999
4839,RayWelch
4840,laurajdem25
4841,DeluxeDivaDot
4842,FrancesClarke14
4843,DJDistraction
4844,CleanWaterforBC
4845,eileenvn
4846,daisyroisin
4847,DBMcLoughlin
4848,amin4u2
4849,FreethinkRabbi
4850,djkroll22
4851,Aharris2006
4852,myvjv
4853,FjltdFred
4854,regan11218lane
4855,marthakc
4856,todaysbenefits
4857,alexespind
4858,TrueLiesBelieve
4859,CalvinPvet
4860,RocessGlenn
4861,joconnor888
4862,lisaiceland
4863,wheresyourh3ro
4864,JPPolitics_com
4865,Skook_Wap
4866,KidComet2
4867,WaltBBall
4868,LarryGeneMartin
4869,JcKatherine
4870,wiseonew
4871,SchnelleBruce
4872,UnicornNinja369
4873,starrhaus
4874,ms_mims
4875,karaokekl
4876,whittleseygirl
4877,steedmrspeel
4878,JacquelineHine1
4879,msmissyjane
4880,JaneQFactor
4881,sloppyjonite
4882,williams_edel
4883,BanjacKostana
4884,LaylaFanucci
4885,mamashenay
4886,carl_mos
4887,Amazonred
4888,poochitz
4889,Annie_____Fla
4890,greenery444
4891,DekonteCass
4892,Victoria101080
4893,GypsySpirit46
4894,shesarebel425
4895,carlodiego
4896,wmatcyber
4897,smartenough2no
4898,harva352
4899,karyne_luscomb
4900,hasani_gough
4901,jchytra
4902,ajaykraavi
4903,JenniferSahmoun
4904,janet_homan
4905,chamindabg4
4906,chamindabg2
4907,bookbabe76
4908,madhoydenish
4909,literarymafia
4910,JaneTabachnick
4911,Readeropolis
4912,FrostedFlake34
4913,TCagley
4914,OmgHowthat
4915,samyukthaell
4916,2havefun72
4917,henk0806
4918,AlbieP1
4919,dina_holbert
4920,WarrenCliisaac
4921,powerpoints101
4922,Mvbennett26
4923,AzurDe_A
4924,grace_undr_fire
4925,GodH8sWindbags
4926,ErikaAbrahamss2
4927,roofers49
4928,BINJURED
4929,conniejimjoe
4930,phinsxiii
4931,Jacquiesspot
4932,evilyn2u
4933,CandyRandy_DJ
4934,rogtilford
4935,griffspeak
4936,chriselleion
4937,lesamza
4938,hschlessman
4939,ecothinkgroup
4940,clarks43
4941,alanradau
4942,MikeFL_MCO
4943,terrablundell
4944,jilevin
4945,ArildHughes
4946,MiamiMark001
4947,lrosenwasser
4948,icandigit
4949,joe_jose54
4950,Stevenof1
4951,ExpandCourage
4952,SheilaRM1
4953,ziondaughter
4954,KahunaTuna
4955,InanaGoddess
4956,eeshore
4957,bearilyn
4958,gnalege
4959,FramingNebula
4960,dansden
4961,HATTIE66
4962,ladyfalcon22
4963,Lisamuse
4964,JonAnimus
4965,L_marine_L
4966,DonaldFaux
4967,zambezi13
4968,katie_hedrich
4969,e3mini
4970,1KristyVance
4971,Cwheatthins
4972,GregSchultz23
4973,RobWelan
4974,gjquesenberry
4975,GulfWarSoldier
4976,sandi_childs
4977,staciehood
4978,gargano_angie
4979,TeresaLoret
4980,rgbarber174
4981,rmccall12304
4982,SuccinctBill
4983,bfs465
4984,kickyourace
4985,phillipkeene
4986,Proud19
4987,Vitruvius25
4988,bokumad12
4989,Len_SCA
4990,KanakaRay1
4991,breadandbudgets
4992,Chocol8silk
4993,abynorml
4994,beviant
4995,ORadio
4996,dmccluskey101
4997,SarahCain78
4998,jdaroja
4999,TKSitis
5000,badinbklyn
5001,flower_child3
5002,Hellafied432
5003,Zulubeats
5004,BennettJeryl
5005,hictex
5006,JohnPaul_ab
5007,sierrarisings1
5008,NELSONSDAVIS
5009,franciscol
5010,Mickey121321
5011,david_long211
5012,rodclaye1162
5013,fgston
5014,paz4u
5015,Jenfermama
5016,MMROCKSTV
5017,TheLAKingfish
5018,nebby_neighbor
5019,basspro1o1
5020,Roberta64852816
5021,KatG1311
5022,emmafrost8
5023,treyquattro
5024,BetterCallSaul1
5025,Drey527
5026,MR_MK
5027,toreadore
5028,PinkCottage1
5029,mccuebillie
5030,herculez65
5031,llovelymummy
5032,rowan007
5033,u3Y4BDE
5034,PoodleMama1966
5035,MOMV719
5036,ErinLOLiver
5037,SenatorMeka31
5038,GrowallJoe
5039,eva_quinby
5040,tinytim18
5041,ESRDguy
5042,jimbradyispapa
5043,jdeckoffjones
5044,Sherryllshaddoc
5045,snowsurfvt
5046,KarenLee1956
5047,cwn5156
5048,polkmusic
5049,MarianJeanRubch
5050,LionheartRock
5051,MsT05
5052,CarolynCRossMD
5053,L2Markie
5054,joyfarmer
5055,pncwho
5056,magdon2009
5057,eyes4eyes
5058,elliottBA
5059,JosephTaylorSr
5060,momofbaybry
5061,cristo_monte
5062,chicoscperez
5063,alli361really
5064,cwaltershausen
5065,DonkttNews
5066,NBakercazan
5067,BlairExMachina
5068,etjy1368
5069,TauntTeabaggers
5070,RhodesWest75
5071,loribecktiger
5072,jdalla57
5073,AcceptTheResult
5074,krissympls
5075,4citkane
5076,EspanolitaR429
5077,Fildog21
5078,MarioJosephNava
5079,pharmalady
5080,pattitag
5081,MThomasii
5082,Booker25
5083,bdaraio
5084,mythsforkids
5085,Artie_Pavlov
5086,bnmattractions
5087,Creation7La
5088,KirkLogan4
5089,MarciaMJB
5090,JeauCitizen
5091,MamaKeiki
5092,SharingAlaugh
5093,KiddShilo
5094,dragonlady9947
5095,nancypeggy
5096,DreamscapeKenne
5097,kellyville2000
5098,andnew11
5099,LMollieK
5100,EdithLK
5101,MLolita68
5102,chernandez1776
5103,kristenleeyoung
5104,Colettestweeter
5105,sannette94
5106,airmaxtrin
5107,tribettt
5108,DarleneMcDavis
5109,molly5516
5110,DJaxAandM
5111,FilesJesse
5112,katecib
5113,soonerdreams
5114,TBeaucoupe
5115,mas_nirva
5116,MicheleSinopoli
5117,makenafan
5118,mshoward79
5119,RonnelleT
5120,marti_katt
5121,Tungstensteele
5122,JudyJonesamI
5123,therealdburnett
5124,tandjhunter
5125,mnboss1
5126,blkboardfashion
5127,walktomyfriends
5128,markroy53
5129,bobvaleu
5130,flirtyphilly1
5131,Tamyshka
5132,lafamila
5133,aussielover02
5134,Latinas_4BG
5135,joliver1210
5136,RightAsRainsME
5137,myamulata
5138,lieueitak
5139,SillsChar
5140,valente_rick
5141,MonaGoshen
5142,migotta
5143,GVoelbel
5144,therealjcricket
5145,ddubayu
5146,CSAresu
5147,AAx9545
5148,debtwigg
5149,MoAngels7
5150,clarkkent4life
5151,kiboxx4
5152,HohnJudith
5153,HeartMomDani
5154,treatmentIBS
5155,SHIRLEEDELI
5156,ilich_09
5157,badgermom4ever
5158,Shirley11380208
5159,PresidntTicTac
5160,ChrisTake1
5161,_JimAustin
5162,MedaBrunda
5163,chuv38
5164,conziebreen
5165,IaIndycarFan
5166,heartoftexas26
5167,MarilynNyborg
5168,madeleineander9
5169,JoZelleP
5170,Crysti_Lee
5171,Ingridkb
5172,CLownds_Jacques
5173,CaribbeanSTYLee
5174,wendyavonrep
5175,martha_shana
5176,twelljrwat1
5177,LUiSAFantasea
5178,MAPSTER5500
5179,RheeniiDec
5180,The_BananaPeel
5181,aleksandarstep3
5182,nathanson57
5183,krish2nasa
5184,sgisland
5185,cpizer
5186,darnellsmith
5187,Deb41459760
5188,VeeDub101
5189,emjchi
5190,dalepowell319
5191,BarbaraWiebelh2
5192,rmaxwell15
5193,HianChua
5194,AlisonClayburn
5195,hugoss49
5196,sorsha16258
5197,RockingBluesMan
5198,AbrilHunt
5199,Mary92241456
5200,Max_Boot_Camp
5201,jopaws
5202,pinkesvh
5203,namastehon
5204,Tibbeth
5205,debjlyons
5206,Kmich718
5207,SpiritOnParole
5208,mainelyinspired
5209,SKwieran
5210,jtatsuno
5211,KaraConnor
5212,diamondlil1016
5213,timgrecco
5214,CarlaMoulton3
5215,impact2012
5216,SawSomethin
5217,JohnLoves2014
5218,chinanolan98
5219,guesswho158
5220,tonylagman
5221,ScottLewissl
5222,Garyknowshvac
5223,simplythecut
5224,MikesPencil
5225,timesmasher
5226,camaleonsweet
5227,bardgc
5228,bwil7105
5229,4dad4ever
5230,TimSnowborn
5231,truskeptic
5232,Realtor_Debbie
5233,mykittycatsmom
5234,adrianho
5235,dianen207
5236,ZellyRodz
5237,Sistapray
5238,Lalilliam
5239,HorribleD
5240,steveglines
5241,ramki155
5242,LowieP
5243,attilatheblond
5244,DutchessOfDork
5245,suway7
5246,ConnieComeaux
5247,TimBrellow
5248,dolceamori
5249,brokentimesnow
5250,JEH24401
5251,Diamondglove
5252,LUpthegrove
5253,sarahbooth15
5254,poshspicev
5255,cherokeesher2
5256,jerniganej
5257,Uhuruhsiempre
5258,angpan
5259,Barbara97901980
5260,kingkurtus
5261,pjRN
5262,rosie2656
5263,choosysusan
5264,BeFreeEarth
5265,hilltooele
5266,Libideology
5267,AddictingMatt
5268,LiberalNavySeal
5269,BrooklynRoad
5270,brianjjaxn
5271,towl35
5272,bullitt4248
5273,plantlvr
5274,beachbrat12
5275,mikkij
5276,DanielC2567560
5277,CHNGJB2020
5278,RULO9871
5279,dcpetterson
5280,nightrose0511
5281,Sunstoned
5282,PrettyPolitico
5283,khallbooks
5284,joelle_craft
5285,lesherb
5286,MarieTitus9
5287,TheMama_Lou
5288,TweetKingLucas
5289,Gramon01
5290,judygreeno
5291,eceller64
5292,strujillo007
5293,E_Joyce
5294,MMagdamarie
5295,azpat0
5296,arlingtonfocus
5297,johnh
5298,davidkleehammer
5299,bernie747
5300,rebka51
5301,pawstimes12
5302,LeonorS96575876
5303,JoeWAtAFSCME
5304,ckhayek
5305,arnangela
5306,aftabistan
5307,b_liner10
5308,DEALINGMARIE
5309,jackie_0705
5310,dskotnes
5311,dianetann
5312,cbs092845
5313,Charmelina
5314,HeideggerFan
5315,texastweet123
5316,SavvyMaster
5317,Just_Tjaye
5318,AlanPDuddle
5319,jlfvrs
5320,craigab1
5321,LaffingBooda777
5322,HoneyHall102
5323,DDupre9
5324,cbechilly
5325,jantz_jerry
5326,carlos09891234
5327,KatSchilke
5328,anotherjoshua
5329,wycarson
5330,bk_pitt
5331,PhotosbyJOhn
5332,CyClause
5333,blackchronicle1
5334,WocExpo
5335,Webfan55
5336,nothingheadj
5337,HireSafe
5338,herbj123
5339,healthincheck
5340,Pisces7100
5341,Hys2pid
5342,Rockblotter
5343,BabackAshtari
5344,sageofthunder
5345,ErmaZurita
5346,SinCityBounty
5347,SaverioRinaldi
5348,dbpromotionsca
5349,wise4755
5350,wilkidu
5351,deborahkass
5352,OmaChatter1234
5353,JaniceMiles99
5354,hilarysontag
5355,DuncanGina
5356,FavClothing
5357,1amazin1_2
5358,RobMax4
5359,RandPitt
5360,fohtohgirl
5361,chriskerrrss528
5362,Eshiqi
5363,richrudges
5364,vikrosen
5365,gabrielhse
5366,FralvarTico
5367,SamerKhalaf
5368,hmo_517
5369,MsKathleen
5370,Ariannah_Skye
5371,thehoracetowns
5372,DM_dimntd
5373,SarahsMimi
5374,atgapple
5375,alanmotley
5376,Graddy7J
5377,LBCJR1
5378,Rufree13
5379,Cranky_Cracknot
5380,peacefrall
5381,jw3778_jw
5382,pjmurphy56
5383,trumpunstable
5384,Wish2sail
5385,SlyDude3677
5386,billshep22
5387,LOrion
5388,hloyola
5389,pamdwriter
5390,BikesNL
5391,CanvasDancer
5392,BeckycarrYA
5393,ExperiencersUni
5394,DonSub
5395,debratg1
5396,Minchicimusings
5397,intercepts
5398,JohnFre12133138
5399,Merlyn43
5400,SnarkRemarks
5401,CChaning
5402,fiscalNews
5403,FelixNater
5404,LizaMaj4ever
5405,DianaPrince2
5406,worldly93
5407,kdcjjc
5408,coverdale_c
5409,Daceco90
5410,VivianDavis70
5411,markastrait
5412,brooklyncovered
5413,EuGeniaHarris1
5414,laran3313
5415,SandySunrise04
5416,ToniTarango
5417,egbissen
5418,jbuhaug
5419,saraturner19
5420,chetbeemer
5421,Xenophon9
5422,cruiseville
5423,DigitalTectum
5424,JohnHMcCannon
5425,CelticVisionOrg
5426,MyUnFabLife
5427,louis2nd
5428,dace1369
5429,MariaSohn1
5430,peterlubs
5431,24AheadDotCom_
5432,silvasam
5433,Craigtography
5434,rose4worldpeace
5435,donmarvin
5436,nelsundisilva
5437,edwardtbabinski
5438,matthewj02
5439,jgilgun
5440,SweetLady54
5441,paulzink
5442,TerrellDLewis
5443,DENVERNEWSPAPE1
5444,PeterBr95229643
5445,DannyBa62678420
5446,shredofhope
5447,MekoPatricia
5448,intern07
5449,AndrewSeeger
5450,tpartypolitics
5451,PamSGray
5452,Surfin_392
5453,HassanDeedaur
5454,planet_alaska
5455,rsgarza66
5456,retheahjb
5457,genebrooklyn
5458,HAL_LE_LU_YAH
5459,Qtalktv
5460,JennaLeeTV
5461,MarkChavezTX
5462,twistedparent
5463,EdValenzMEd
5464,realOnionViv
5465,MarMorgan76
5466,BlackSwann97
5467,johnmerrick7
5468,waitwait9
5469,ckimmie12
5470,DaZoneRadio
5471,CarlsbadDreamin
5472,teka21bat
5473,KottiPillar
5474,Vintage_gent22
5475,markooj
5476,C2CLiberal
5477,Arigon52
5478,videorick
5479,postkneejerk
5480,Simplylisette
5481,DayJojo771980
5482,charles_kelley
5483,mariab4308
5484,marra1026
5485,MizLaura18
5486,FrnkComments
5487,cruisincripples
5488,igob4u2
5489,Eba43Singleton
5490,DOOMEDTRUMP
5491,Jennife98488458
5492,sujiai
5493,susansviews
5494,jkk1
5495,PDeeDixon
5496,connie_rothwell
5497,philanthrowomen
5498,PatriciaHelene
5499,MagiBrod
5500,Sleeperzz2
5501,Marlenevanast
5502,yedisturbed
5503,strigiler
5504,AmericanPragmat
5505,drummjr58
5506,TeresaC31719101
5507,overthrow_trump
5508,rebecca99504
5509,JoeColac
5510,PlanetsFuture
5511,jcmarycal
5512,JeanSimmons15
5513,stoptrumpf
5514,zack0273
5515,Chasenewton1
5516,bzsigns
5517,solidred11
5518,Annrand65857322
5519,CTLadyonPF
5520,runningdree
5521,bohica2k
5522,zoramom
5523,diamondryan
5524,WasaBehr
5525,cyndispeaks
5526,redogleader
5527,whenpigsflyyy
5528,HerbieSoCal
5529,Maddiemax100
5530,resources4menow
5531,KennethJWillis
5532,CPWineSpirits
5533,socflyny
5534,lyshhav
5535,wspiv001
5536,WTFhappened2US
5537,RitaTanos
5538,bgwinettem
5539,CoolBasket411
5540,GardnerGibb
5541,leebranden1955
5542,CarolAc927
5543,1slowwalker
5544,carlaatwood
5545,estellaj01
5546,drwelcometours
5547,Diehardcarlos
5548,potscrapper
5549,Aditbudi361
5550,alimor999
5551,beachnut1141
5552,JackieMazarella
5553,MarySSteele
5554,janisexton
5555,tistweetin
5556,HOTHUMMUS
5557,renacuaja
5558,allwebdeals
5559,anneL5694
5560,Theresa111
5561,2024WonderWoman
5562,jagsoul
5563,jallnet12
5564,ShanaHoulihan1
5565,Springermom70
5566,Waterfall122016
5567,islandgirl0079
5568,macushla7
5569,Pkitty1975
5570,suzannebrown18
5571,suecroasmun
5572,ken_watanabe
5573,OMAHAGEMGIRL
5574,s3bland57
5575,AMcDScott
5576,GaskinAdams
5577,walid_hakim13
5578,Earlyrizah
5579,Chris_Ledbetter
5580,nitehowl55
5581,sunshine916
5582,Itsagoodlife48G
5583,Umpire20
5584,dianebpr
5585,HalinaBiernacki
5586,drjanetrose
5587,terisa_turner
5588,yiab
5589,TommasinaResist
5590,J_Hurstman
5591,PamelaBurridge
5592,JiBurr
5593,GailNugent1
5594,rios_branon
5595,zumblie1
5596,beautte11
5597,AdamVV
5598,Proudscalawag
5599,Roxy4080
5600,gabriel_gabdiel
5601,CentristRn
5602,DearAuntCrabby
5603,hyrollin
5604,HealHealthcare
5605,JeffKryger
5606,snikolao
5607,victoriahagman
5608,ltuffy
5609,Sweetestchick30
5610,tailsofLA
5611,BevGouge
5612,ricoball
5613,_elizbieber
5614,CindyinTokyo
5615,Poppajames45
5616,lkimsey69
5617,dibutterfly599
5618,jupiter896
5619,pastryqueen62
5620,NewCenturyTimes
5621,parkstorm
5622,MissDoozy
5623,MrUneek
5624,pam1951diva
5625,pecans18
5626,ThePPP2007
5627,Plm330Palmer
5628,observationpt
5629,popiejohn
5630,drmom59
5631,terrimateer
5632,lysettefaith
5633,lorettacmt
5634,Artparkkern
5635,mariebayarea4
5636,alicia_bert
5637,muchkarma09
5638,SouthernDem74
5639,Jerry_LA1
5640,jmpepp
5641,GonzaalezCamilo
5642,eye2winner
5643,Loreemezz
5644,Granny_Gumption
5645,sheraleekay
5646,N3NAMALA69
5647,dominantone48
5648,PegJK58
5649,bluesuezoo
5650,CarolynStop
5651,CRNHealthcare
5652,PersianLionSun
5653,CupcakestoCthul
5654,StevenChaotic
5655,Kevin_M_Taylor
5656,sassyteapot63
5657,gmoylan
5658,nycquinn
5659,BlueMikeNJ
5660,IGetShitDun
5661,BT_Hampton
5662,A_Steph_W
5663,telerina
5664,fwinslow
5665,QuaintMelissaK
5666,Rogue11Mitchell
5667,MTorganizer
5668,mpslater
5669,DesBoss
5670,charlierichmond
5671,BarinNelyse
5672,awauson19
5673,SFStudioBBR
5674,pinklady404
5675,veradubs
5676,meganesque
5677,ArnoldChavez360
5678,mmrtnz9175
5679,brianoltman
5680,P42Hogger
5681,myglobalpac
5682,beehappytoo
5683,mediajim
5684,aviles_teofilo
5685,dominickambro
5686,dixie_danny
5687,AmazonTraveler
5688,amichaeljenkins
5689,zacamesaman
5690,doctee99004
5691,bobbygoode
5692,knittingknots
5693,ScottSokol
5694,CeeJay46
5695,DragonTat2
5696,raulomccomono
5697,Smittttten
5698,YesVegan4Ever
5699,debbie858
5700,angieeus
5701,ivehadit2020
5702,femiyemi
5703,Allena2kA
5704,uayuwfegnua
5705,bliss1000b
5706,Lassiter2011
5707,RockerThompson
5708,BoccaJim
